id	order	type	page_title	app_question	app_question_with_defect	defect	has_not_applicable_option	defect_order	has_image	has_text	is_prohibitional	show_warning	warning_text	safety_notes	for_hgv	for_non-hgv
1	1	yesno	Dash Status and Warnings	Is the dashboard free from advisory or warning symbols?	Is the dashboard free from advisory or warning symbols?	Anti-locking braking system (Amber)	0	0	1	0	1	0	\N	Roadworthy but needs workshop visit	1	1
2	1	yesno	Dash Status and Warnings	Is the dashboard free from advisory or warning symbols?	Is the dashboard free from advisory or warning symbols?	Anti-locking braking system (Red)	0	0	1	0	1	0	\N	Not roadworthy vehicle must be VOR	1	1
3	1	yesno	Dash Status and Warnings	Is the dashboard free from advisory or warning symbols?	Is the dashboard free from advisory or warning symbols?	Battery (Amber)	0	0	1	0	1	0	\N	Roadworthy but needs workshop visit	1	1
4	1	yesno	Dash Status and Warnings	Is the dashboard free from advisory or warning symbols?	Is the dashboard free from advisory or warning symbols?	Battery (Red)	0	0	1	0	1	0	\N	Not roadworthy vehicle must be VOR	1	1
5	1	yesno	Dash Status and Warnings	Is the dashboard free from advisory or warning symbols?	Is the dashboard free from advisory or warning symbols?	Brakes (Amber)	0	0	1	0	1	0	\N	Roadworthy but needs workshop visit	1	1
6	1	yesno	Dash Status and Warnings	Is the dashboard free from advisory or warning symbols?	Is the dashboard free from advisory or warning symbols?	Brakes (Red)	0	0	1	0	1	0	\N	Not roadworthy vehicle must be VOR	1	1
7	1	yesno	Dash Status and Warnings	Is the dashboard free from advisory or warning symbols?	Is the dashboard free from advisory or warning symbols?	Dashboard damage	0	0	1	0	0	0	\N	Roadworthy but needs workshop visit	1	1
8	1	yesno	Dash Status and Warnings	Is the dashboard free from advisory or warning symbols?	Is the dashboard free from advisory or warning symbols?	Differential lock (Amber)	0	0	1	0	1	0	\N	Roadworthy but needs workshop visit	1	1
9	1	yesno	Dash Status and Warnings	Is the dashboard free from advisory or warning symbols?	Is the dashboard free from advisory or warning symbols?	Differential lock (Red)	0	0	1	0	1	0	\N	Not roadworthy vehicle must be VOR	1	1
10	1	yesno	Dash Status and Warnings	Is the dashboard free from advisory or warning symbols?	Is the dashboard free from advisory or warning symbols?	Electronic braking system (Amber)	0	0	1	0	1	0	\N	Roadworthy but needs workshop visit	1	1
11	1	yesno	Dash Status and Warnings	Is the dashboard free from advisory or warning symbols?	Is the dashboard free from advisory or warning symbols?	Electronic braking system (Red)	0	0	1	0	1	0	\N	Not roadworthy vehicle must be VOR	1	1
12	1	yesno	Dash Status and Warnings	Is the dashboard free from advisory or warning symbols?	Is the dashboard free from advisory or warning symbols?	Electronic stability programme (Amber)	0	0	1	0	1	0	\N	Roadworthy but needs workshop visit	1	1
13	1	yesno	Dash Status and Warnings	Is the dashboard free from advisory or warning symbols?	Is the dashboard free from advisory or warning symbols?	Electronic stability programme (Red)	0	0	1	0	1	0	\N	Not roadworthy vehicle must be VOR	1	1
14	1	yesno	Dash Status and Warnings	Is the dashboard free from advisory or warning symbols?	Is the dashboard free from advisory or warning symbols?	Engine management light (Amber)	0	0	1	0	1	0	\N	Roadworthy but needs workshop visit	1	1
15	1	yesno	Dash Status and Warnings	Is the dashboard free from advisory or warning symbols?	Is the dashboard free from advisory or warning symbols?	Engine management light (Red)	0	0	1	0	1	0	\N	Not roadworthy vehicle must be VOR	1	1
16	1	yesno	Dash Status and Warnings	Is the dashboard free from advisory or warning symbols?	Is the dashboard free from advisory or warning symbols?	Exhaust (Amber)	0	0	1	0	1	0	\N	Roadworthy but needs workshop visit	1	1
17	1	yesno	Dash Status and Warnings	Is the dashboard free from advisory or warning symbols?	Is the dashboard free from advisory or warning symbols?	Exhaust (Red)	0	0	1	0	1	0	\N	Not roadworthy vehicle must be VOR	1	1
18	1	yesno	Dash Status and Warnings	Is the dashboard free from advisory or warning symbols?	Is the dashboard free from advisory or warning symbols?	Horn (Amber)	0	0	1	0	1	0	\N	Roadworthy but needs workshop visit	1	1
19	1	yesno	Dash Status and Warnings	Is the dashboard free from advisory or warning symbols?	Is the dashboard free from advisory or warning symbols?	Horn (Red)	0	0	1	0	1	0	\N	Not roadworthy vehicle must be VOR	1	1
20	1	yesno	Dash Status and Warnings	Is the dashboard free from advisory or warning symbols?	Is the dashboard free from advisory or warning symbols?	Oil (Amber)	0	0	1	0	1	0	\N	Roadworthy but needs workshop visit	1	1
21	1	yesno	Dash Status and Warnings	Is the dashboard free from advisory or warning symbols?	Is the dashboard free from advisory or warning symbols?	Oil (Red)	0	0	1	0	1	0	\N	Not roadworthy vehicle must be VOR	1	1
22	1	yesno	Dash Status and Warnings	Is the dashboard free from advisory or warning symbols?	Is the dashboard free from advisory or warning symbols?	Parking brake (Amber)	0	0	1	0	1	0	\N	Roadworthy but needs workshop visit	1	1
23	1	yesno	Dash Status and Warnings	Is the dashboard free from advisory or warning symbols?	Is the dashboard free from advisory or warning symbols?	Parking brake (Red)	0	0	1	0	1	0	\N	Not roadworthy vehicle must be VOR	1	1
24	1	yesno	Dash Status and Warnings	Is the dashboard free from advisory or warning symbols?	Is the dashboard free from advisory or warning symbols?	Service/Spanner (Amber)	0	0	1	0	1	0	\N	Roadworthy but needs workshop visit	1	1
25	1	yesno	Dash Status and Warnings	Is the dashboard free from advisory or warning symbols?	Is the dashboard free from advisory or warning symbols?	Service/Spanner (Red)	0	0	1	0	1	0	\N	Not roadworthy vehicle must be VOR	1	1
26	1	yesno	Dash Status and Warnings	Is the dashboard free from advisory or warning symbols?	Is the dashboard free from advisory or warning symbols?	Steering (Amber)	0	0	1	0	1	0	\N	Roadworthy but needs workshop visit	1	1
27	1	yesno	Dash Status and Warnings	Is the dashboard free from advisory or warning symbols?	Is the dashboard free from advisory or warning symbols?	Steering (Red)	0	0	1	0	1	0	\N	Not roadworthy vehicle must be VOR	1	1
28	1	yesno	Dash Status and Warnings	Is the dashboard free from advisory or warning symbols?	Is the dashboard free from advisory or warning symbols?	Temperature (Amber)	0	0	1	0	1	0	\N	Roadworthy but needs workshop visit	1	1
29	1	yesno	Dash Status and Warnings	Is the dashboard free from advisory or warning symbols?	Is the dashboard free from advisory or warning symbols?	Temperature (Red)	0	0	1	0	1	0	\N	Not roadworthy vehicle must be VOR	1	1
30	1	yesno	Dash Status and Warnings	Is the dashboard free from advisory or warning symbols?	Is the dashboard free from advisory or warning symbols?	AdBlue warning light on dash	0	0	1	0	1	0	\N	Re-fill Adblue asap	1	1
31	1	yesno	Dash Status and Warnings	Is the dashboard free from advisory or warning symbols?	Is the dashboard free from advisory or warning symbols?	Oil change on message list	0	0	1	0	0	0	\N	Roadworthy but needs workshop visit	1	1
32	1	yesno	Dash Status and Warnings	Is the dashboard free from advisory or warning symbols?	Is the dashboard free from advisory or warning symbols?	Service light on dash	0	0	1	0	0	0	\N	Roadworthy but needs workshop visit	1	1
33	1	yesno	Dash Status and Warnings	Is the dashboard free from advisory or warning symbols?	Is the dashboard free from advisory or warning symbols?	Tyre pressure warning light	0	0	1	0	1	0	\N	Not roadworthy call tyre provider 	1	1
34	1	yesno	Dash Status and Warnings	Is the dashboard free from advisory or warning symbols?	Is the dashboard free from advisory or warning symbols?	Gearbox warning light	0	0	1	0	1	0	\N	Not roadworthy vehicle must be VOR	1	1
35	2	yesno	Audible Warnings	Is the reversing siren and where applicable left turn siren operational?	Is the reversing siren and where applicable left turn siren operational?	Reversing siren inoperative	0	1	0	0	1	0	\N	Roadworthy but needs workshop visit	1	1
36	2	yesno	Audible Warnings	Is the reversing siren and where applicable left turn siren operational?	Is the reversing siren and where applicable left turn siren operational?	Left turn warning inoperative	0	2	0	0	0	0	\N	Roadworthy but needs workshop visit	1	1
37	3	yesno	Horn	Is the horn free from defects?	Is the horn free from defects?	No sound	0	3	0	0	1	0	\N	Roadworthy but needs workshop visit	1	1
38	3	yesno	Horn	Is the horn free from defects?	Is the horn free from defects?	Horn ineffective	0	4	0	0	1	0	\N	Roadworthy but needs workshop visit	1	1
39	4	yesno	Windscreen	Is the windscreen free from defects?	Is the windscreen free from defects?	Windscreen chipped	0	0	1	0	1	0	\N	Roadworthy if outside of A zone & smaller than 10mm - otherwise NOT Roadworthy contact windscreen repair company from handbook	1	1
40	4	yesno	Windscreen	Is the windscreen free from defects?	Is the windscreen free from defects?	Windscreen cracked	0	0	1	0	1	0	\N	Roadworthy if outside of A zone & smaller than 10mm - otherwise NOT Roadworthy contact windscreen repair company from handbook	1	1
41	4	yesno	Windscreen	Is the windscreen free from defects?	Is the windscreen free from defects?	Windscreen obstructed	0	0	1	0	1	0	\N	Remove obstructions from field of vision	1	1
42	4	yesno	Windscreen	Is the windscreen free from defects?	Is the windscreen free from defects?	Impaired driver vision	0	0	1	0	1	0	\N	Remove obstructions from field of vision	1	1
43	5	yesno	Tachograph - Operation	Is the tachograph free from defects, with sufficient spare printer rolls?	Is the tachograph free from defects, with sufficient spare printer rolls?	Tacho inoperable	0	0	0	0	1	0	\N	Not roadworthy vehicle must be VOR	1	1
44	6	yesno	Tachograph - Spare Rolls	Do you have 2 spare tacho rolls as required?	Do you have 2 spare tacho rolls as required?	Items missing / defected	0	0	0	0	1	0	\N	Obtain box of tacho rolls from transport office / site stores	1	1
45	7	yesno	Speedometer Operation	Is the speedometer operational and free from defects?	Is the speedometer operational and free from defects?	Speedometer inoperable	0	0	0	0	1	0	\N	Contact transport office to arrange repair	1	1
46	7	yesno	Speedometer Operation	Is the speedometer operational and free from defects?	Is the speedometer operational and free from defects?	Speedometer defective	0	0	0	0	1	0	\N	Contact transport office to arrange repair	1	1
47	8	yesno	Speed Limiter	Is speed limiter operational?	Is speed limiter operational?	Speed limiter faulty	0	0	0	0	0	0	\N	Roadworthy but needs workshop visit	1	1
48	9	yesno	Gearbox	Is gearbox functioning correctly?	Is gearbox functioning correctly?	Faulty gearbox	0	0	0	0	1	0	\N	Roadworthy but needs workshop visit	1	1
49	10	yesno	Differential	Is differential lock functioning correctly?	Is differential lock functioning correctly?	Faulty differential lock	0	0	1	0	1	0	\N	Roadworthy but needs workshop visit	1	1
50	11	yesno	Brakes	Are all brakes free from defects?	Are all brakes free from defects?	Hand brake damaged	0	0	0	0	1	0	\N	Not roadworthy vehicle must be VOR	1	1
51	11	yesno	Brakes	Are all brakes free from defects?	Are all brakes free from defects?	Hand brake inoperative	0	0	0	0	1	0	\N	Not roadworthy vehicle must be VOR	1	1
52	11	yesno	Brakes	Are all brakes free from defects?	Are all brakes free from defects?	Foot brake inoperative	0	0	0	0	1	0	\N	Not roadworthy vehicle must be VOR	1	1
53	11	yesno	Brakes	Are all brakes free from defects?	Are all brakes free from defects?	Foot brake spongey	0	0	0	0	1	0	\N	Not roadworthy vehicle must be VOR	1	1
54	11	yesno	Brakes	Are all brakes free from defects?	Are all brakes free from defects?	Air leak in braking system	0	0	0	0	1	0	\N	Not roadworthy vehicle must be VOR	1	1
55	12	yesno	Pedal Rubbers	Are the pedal rubbers good condition and free from defect?	Are the pedal rubbers good condition and free from defect?	Foot brake pedal rubber worn / missing	0	0	0	0	1	0	\N	Not roadworthy vehicle must be VOR	1	1
56	12	yesno	Pedal Rubbers	Are the pedal rubbers good condition and free from defect?	Are the pedal rubbers good condition and free from defect?	Accelerator pedal rubber worn / missing	0	0	0	0	1	0	\N	Roadworthy but needs workshop visit	1	1
57	13	yesno	Steering	Is the steering free from defects?	Is the steering free from defects?	Excessive free play	0	0	0	0	1	0	\N	Not roadworthy vehicle must be VOR	1	1
58	13	yesno	Steering	Is the steering free from defects?	Is the steering free from defects?	Steering wheel insecure	0	0	0	0	1	0	\N	Not roadworthy vehicle must be VOR	1	1
59	13	yesno	Steering	Is the steering free from defects?	Is the steering free from defects?	Steering wheel damaged	0	0	0	0	1	0	\N	Not roadworthy vehicle must be VOR	1	1
60	13	yesno	Steering	Is the steering free from defects?	Is the steering free from defects?	Steering wheel stiff	0	0	0	0	1	0	\N	Not roadworthy vehicle must be VOR	1	1
61	14	yesno	Seat Security	Is the seat secure and seatbelts free from damage?	Is the seat secure and seatbelts free from damage?	Seat insecure/loose	0	0	1	0	1	0	\N	Not roadworthy vehicle must be VOR	1	1
62	14	yesno	Seat Security	Is the seat secure and seatbelts free from damage?	Is the seat secure and seatbelts free from damage?	Seatbelt damaged	0	0	1	0	1	0	\N	Not roadworthy vehicle must be VOR	1	1
63	14	yesno	Seat Security	Is the seat secure and seatbelts free from damage?	Is the seat secure and seatbelts free from damage?	Seatbelt not retracting	0	0	0	0	1	0	\N	Not roadworthy vehicle must be VOR	1	1
64	14	yesno	Seat Security	Is the seat secure and seatbelts free from damage?	Is the seat secure and seatbelts free from damage?	Seatbelt missing	0	0	0	0	1	0	\N	Not roadworthy vehicle must be VOR	1	1
65	15	yesno	Delivery Notes 	Do you have your delivery notes and Nominally empty notes for once you are tipped or empty?	Do you have your delivery notes and Nominally empty notes for once you are tipped or empty?	Notes missing 	0	0	0	0	1	0	\N	Call transport office 	1	1
66	16	yesno	Drivers Cards and Licences 	Do you have your ADR Card, Driver CPC card, Driving license and Digital Tacho card?	Do you have your ADR Card, Driver CPC card, Driving license and Digital Tacho card?	Items missing / defected	0	0	0	0	1	0	\N	Call transport office 	1	1
67	17	yesno	Plating and Ministry Certificate	Is the vehicle plating / ministry certificate displayed?	Is the vehicle plating / ministry certificate displayed?	No - missing	0	0	0	0	0	0	\N	Contact transport office	1	1
68	18	yesno	Vehicle Height Indicator	Is the height indicator present and displayed?	Is the height indicator present and displayed?	No - missing	0	0	0	0	0	0	\N	Contact transport office	1	1
69	19	yesno	Smoking Signs	Are the no smoking signs displayed?	Are the no smoking signs displayed?	No - missing	0	0	0	0	0	0	\N	Contact transport office	1	1
70	20	yesno	CCTV System	Is the CCTV system free from defects?	Is the CCTV system free from defects?	Front Camera inoperative	0	0	0	0	0	0	\N	Contact transport office to arrange repair	1	1
71	21	yesno	Wipers and Washers	Are the wipers and washers free from defects?	Are the wipers and washers free from defects?	Wiper missing (offside)	0	0	0	0	1	0	\N	Not roadworthy vehicle must be VOR	1	1
72	21	yesno	Wipers and Washers	Are the wipers and washers free from defects?	Are the wipers and washers free from defects?	Wipers worn (offside)	0	0	0	0	1	0	\N	Not roadworthy vehicle must be VOR	1	1
73	21	yesno	Wipers and Washers	Are the wipers and washers free from defects?	Are the wipers and washers free from defects?	Wiper missing (nearside)	0	0	0	0	1	0	\N	Not roadworthy vehicle must be VOR	1	1
74	21	yesno	Wipers and Washers	Are the wipers and washers free from defects?	Are the wipers and washers free from defects?	Wipers worn (nearside)	0	0	0	0	1	0	\N	Not roadworthy vehicle must be VOR	1	1
75	21	yesno	Wipers and Washers	Are the wipers and washers free from defects?	Are the wipers and washers free from defects?	Wiper inoperative	0	0	0	0	1	0	\N	Not roadworthy vehicle must be VOR	1	1
76	21	yesno	Wipers and Washers	Are the wipers and washers free from defects?	Are the wipers and washers free from defects?	Washers ineffective	0	0	0	0	1	0	\N	Not roadworthy vehicle must be VOR	1	1
77	21	yesno	Wipers and Washers	Are the wipers and washers free from defects?	Are the wipers and washers free from defects?	Washers inoperative	0	0	0	0	1	0	\N	Not roadworthy vehicle must be VOR	1	1
78	22	yesno	Check Your Vehicle's Levels	Are the vehicle's coolant, engine oil and screenwash levels sufficient?	Are the vehicle's coolant, engine oil and screenwash levels sufficient?	AdBlue below required level	0	0	0	0	0	0	\N	Top up fluid	1	1
79	22	yesno	Check Your Vehicle's Levels	Are the vehicle's coolant, engine oil and screenwash levels sufficient?	Are the vehicle's coolant, engine oil and screenwash levels sufficient?	Coolant below required level	0	0	0	0	0	0	\N	Top up fluid	1	1
80	22	yesno	Check Your Vehicle's Levels	Are the vehicle's coolant, engine oil and screenwash levels sufficient?	Are the vehicle's coolant, engine oil and screenwash levels sufficient?	Engine oil below required level	0	0	0	0	0	0	\N	Top up fluid	1	1
81	22	yesno	Check Your Vehicle's Levels	Are the vehicle's coolant, engine oil and screenwash levels sufficient?	Are the vehicle's coolant, engine oil and screenwash levels sufficient?	Screenwash below required level	0	0	0	0	0	0	\N	Top up fluid	1	1
82	23	yesno	Headlights and Sidelights	Are all the headlights and sidelights free from defects?	Are all the headlights and sidelights free from defects?	Headlight cracked (front nearside)	0	0	1	0	1	0	\N	Roadworthy but needs workshop visit	1	1
83	23	yesno	Headlights and Sidelights	Are all the headlights and sidelights free from defects?	Are all the headlights and sidelights free from defects?	Headlight damaged (front nearside)	0	0	1	0	1	0	\N	Not roadworthy go to service centre / Workshop	1	1
84	23	yesno	Headlights and Sidelights	Are all the headlights and sidelights free from defects?	Are all the headlights and sidelights free from defects?	Headlight not working  (front nearside)	0	0	0	0	1	0	\N	Not roadworthy replace bulb	1	1
85	23	yesno	Headlights and Sidelights	Are all the headlights and sidelights free from defects?	Are all the headlights and sidelights free from defects?	Sidelight cracked (front nearside)	0	0	1	0	1	0	\N	Roadworthy but needs workshop visit	1	1
86	23	yesno	Headlights and Sidelights	Are all the headlights and sidelights free from defects?	Are all the headlights and sidelights free from defects?	Sidelight damaged (front nearside)	0	0	1	0	1	0	\N	Roadworthy but needs workshop visit	1	1
87	23	yesno	Headlights and Sidelights	Are all the headlights and sidelights free from defects?	Are all the headlights and sidelights free from defects?	Sidelight not working (front nearside)	0	0	0	0	1	0	\N	Not roadworthy replace bulb	1	1
88	23	yesno	Headlights and Sidelights	Are all the headlights and sidelights free from defects?	Are all the headlights and sidelights free from defects?	Rear light cracked (rear nearside)	0	0	1	0	1	0	\N	Roadworthy if no white light evident through lens	1	1
89	23	yesno	Headlights and Sidelights	Are all the headlights and sidelights free from defects?	Are all the headlights and sidelights free from defects?	Rear light damaged (rear nearside)	0	0	1	0	1	0	\N	Roadworthy if no white light evident through lens	1	1
90	23	yesno	Headlights and Sidelights	Are all the headlights and sidelights free from defects?	Are all the headlights and sidelights free from defects?	Rear light not working (rear nearside)	0	0	1	0	1	0	\N	Roadworthy if no white light evident through lens	1	1
91	23	yesno	Headlights and Sidelights	Are all the headlights and sidelights free from defects?	Are all the headlights and sidelights free from defects?	Rear light cracked (rear offside)	0	0	1	0	1	0	\N	Roadworthy if no white light evident through lens	1	1
92	23	yesno	Headlights and Sidelights	Are all the headlights and sidelights free from defects?	Are all the headlights and sidelights free from defects?	Rear light damaged (rear offside)	0	0	1	0	1	0	\N	Roadworthy if no white light evident through lens	1	1
93	23	yesno	Headlights and Sidelights	Are all the headlights and sidelights free from defects?	Are all the headlights and sidelights free from defects?	Rear light not working (rear offside)	0	0	1	0	1	0	\N	Not roadworthy replace bulb	1	1
94	23	yesno	Headlights and Sidelights	Are all the headlights and sidelights free from defects?	Are all the headlights and sidelights free from defects?	Headlight cracked (front offside)	0	0	1	0	1	0	\N	Roadworthy but needs workshop visit	1	1
95	23	yesno	Headlights and Sidelights	Are all the headlights and sidelights free from defects?	Are all the headlights and sidelights free from defects?	Headlight damaged (front offside)	0	0	1	0	1	0	\N	Roadworthy but needs workshop visit	1	1
96	23	yesno	Headlights and Sidelights	Are all the headlights and sidelights free from defects?	Are all the headlights and sidelights free from defects?	Headlight not working (front offside)	0	0	0	0	1	0	\N	Not roadworthy replace bulb	1	1
97	23	yesno	Headlights and Sidelights	Are all the headlights and sidelights free from defects?	Are all the headlights and sidelights free from defects?	Sidelight cracked (front offside)	0	0	1	0	1	0	\N	Roadworthy but needs workshop visit	1	1
98	23	yesno	Headlights and Sidelights	Are all the headlights and sidelights free from defects?	Are all the headlights and sidelights free from defects?	Sidelight damaged (front offside)	0	0	1	0	1	0	\N	Roadworthy but needs workshop visit	1	1
99	23	yesno	Headlights and Sidelights	Are all the headlights and sidelights free from defects?	Are all the headlights and sidelights free from defects?	Sidelight not working (front offside)	0	0	0	0	1	0	\N	Not roadworthy replace bulb	1	1
100	24	yesno	Indicators and Hazard	Are all indicator and Hazard lights free from defects?	Are all indicator and Hazard lights free from defects?	Indicator cracked (front nearside)	0	0	1	0	1	0	\N	Roadworthy if no white light evident through lens	1	1
101	24	yesno	Indicators and Hazard	Are all indicator and Hazard lights free from defects?	Are all indicator and Hazard lights free from defects?	Indicator damaged (front nearside)	0	0	1	0	1	0	\N	Roadworthy if no white light evident through lens	1	1
102	24	yesno	Indicators and Hazard	Are all indicator and Hazard lights free from defects?	Are all indicator and Hazard lights free from defects?	Indicator not working (front nearside)	0	0	0	0	1	0	\N	Not roadworthy replace bulb	1	1
103	24	yesno	Indicators and Hazard	Are all indicator and Hazard lights free from defects?	Are all indicator and Hazard lights free from defects?	Indicator cracked (back nearside)	0	0	1	0	1	0	\N	Roadworthy if no white light evident through lens	1	1
104	24	yesno	Indicators and Hazard	Are all indicator and Hazard lights free from defects?	Are all indicator and Hazard lights free from defects?	Indicator damaged (back nearside)	0	0	1	0	1	0	\N	Roadworthy if no white light evident through lens	1	1
105	24	yesno	Indicators and Hazard	Are all indicator and Hazard lights free from defects?	Are all indicator and Hazard lights free from defects?	Indicator not working (back nearside)	0	0	0	0	1	0	\N	Not roadworthy replace bulb	1	1
106	24	yesno	Indicators and Hazard	Are all indicator and Hazard lights free from defects?	Are all indicator and Hazard lights free from defects?	Indicator cracked (back offside)	0	0	1	0	1	0	\N	Roadworthy if no white light evident through lens	1	1
107	24	yesno	Indicators and Hazard	Are all indicator and Hazard lights free from defects?	Are all indicator and Hazard lights free from defects?	Indicator damaged (back offside)	0	0	1	0	1	0	\N	Roadworthy if no white light evident through lens	1	1
108	24	yesno	Indicators and Hazard	Are all indicator and Hazard lights free from defects?	Are all indicator and Hazard lights free from defects?	Indicator not working (back offside)	0	0	0	0	1	0	\N	Not roadworthy replace bulb	1	1
109	24	yesno	Indicators and Hazard	Are all indicator and Hazard lights free from defects?	Are all indicator and Hazard lights free from defects?	Indicator cracked (front offside)	0	0	1	0	1	0	\N	Roadworthy if no white light evident through lens	1	1
110	24	yesno	Indicators and Hazard	Are all indicator and Hazard lights free from defects?	Are all indicator and Hazard lights free from defects?	Indicator damaged (front offside)	0	0	1	0	1	0	\N	Roadworthy if no white light evident through lens	1	1
111	24	yesno	Indicators and Hazard	Are all indicator and Hazard lights free from defects?	Are all indicator and Hazard lights free from defects?	Indicator not working (front offside)	0	0	0	0	1	0	\N	Not roadworthy replace bulb	1	1
112	25	yesno	Hazard Light Operation	Are hazard lights operational?	Are hazard lights operational?	Not working	0	0	0	0	0	0	\N	Roadworthy but needs workshop visit	1	1
113	26	yesno	Brake and Reverse Lights, Reflectors and Marker Lights	Are all the brake and reverse lights, reflectors and marker lights free from defects?	Are all the brake and reverse lights, reflectors and marker lights free from defects?	Brake light cracked(nearside)	0	0	1	0	1	0	\N	Roadworthy if no white light evident through lens	1	1
114	26	yesno	Brake and Reverse Lights, Reflectors and Marker Lights	Are all the brake and reverse lights, reflectors and marker lights free from defects?	Are all the brake and reverse lights, reflectors and marker lights free from defects?	Brake light damaged (nearside)	0	0	0	0	1	0	\N	Roadworthy if no white light evident through lens	1	1
115	26	yesno	Brake and Reverse Lights, Reflectors and Marker Lights	Are all the brake and reverse lights, reflectors and marker lights free from defects?	Are all the brake and reverse lights, reflectors and marker lights free from defects?	Brake light not working (nearside)	0	0	0	0	1	0	\N	Not roadworthy replace bulb	1	1
116	26	yesno	Brake and Reverse Lights, Reflectors and Marker Lights	Are all the brake and reverse lights, reflectors and marker lights free from defects?	Are all the brake and reverse lights, reflectors and marker lights free from defects?	Reverse light cracked (nearside)	0	0	1	0	1	0	\N	Roadworthy but needs workshop visit	1	1
117	26	yesno	Brake and Reverse Lights, Reflectors and Marker Lights	Are all the brake and reverse lights, reflectors and marker lights free from defects?	Are all the brake and reverse lights, reflectors and marker lights free from defects?	Reverse light damaged (nearside)	0	0	0	0	1	0	\N	Roadworthy but needs workshop visit	1	1
118	26	yesno	Brake and Reverse Lights, Reflectors and Marker Lights	Are all the brake and reverse lights, reflectors and marker lights free from defects?	Are all the brake and reverse lights, reflectors and marker lights free from defects?	Reverse light not working (nearside)	0	0	0	0	1	0	\N	Roadworthy but needs workshop visit	1	1
119	26	yesno	Brake and Reverse Lights, Reflectors and Marker Lights	Are all the brake and reverse lights, reflectors and marker lights free from defects?	Are all the brake and reverse lights, reflectors and marker lights free from defects?	Marker light cracked (nearside)	0	0	1	0	1	0	\N	Roadworthy but needs workshop visit	1	1
120	26	yesno	Brake and Reverse Lights, Reflectors and Marker Lights	Are all the brake and reverse lights, reflectors and marker lights free from defects?	Are all the brake and reverse lights, reflectors and marker lights free from defects?	Marker light damaged (nearside)	0	0	1	0	1	0	\N	Roadworthy but needs workshop visit	1	1
121	26	yesno	Brake and Reverse Lights, Reflectors and Marker Lights	Are all the brake and reverse lights, reflectors and marker lights free from defects?	Are all the brake and reverse lights, reflectors and marker lights free from defects?	Marker light not working (nearside)	0	0	1	0	1	0	\N	Roadworthy but needs workshop visit	1	1
122	26	yesno	Brake and Reverse Lights, Reflectors and Marker Lights	Are all the brake and reverse lights, reflectors and marker lights free from defects?	Are all the brake and reverse lights, reflectors and marker lights free from defects?	Reflectors cracked (nearside)	0	0	1	0	1	0	\N	Roadworthy but needs workshop visit	1	1
123	26	yesno	Brake and Reverse Lights, Reflectors and Marker Lights	Are all the brake and reverse lights, reflectors and marker lights free from defects?	Are all the brake and reverse lights, reflectors and marker lights free from defects?	Reflectors damaged (nearside)	0	0	1	0	1	0	\N	Roadworthy but needs workshop visit	1	1
124	26	yesno	Brake and Reverse Lights, Reflectors and Marker Lights	Are all the brake and reverse lights, reflectors and marker lights free from defects?	Are all the brake and reverse lights, reflectors and marker lights free from defects?	Brake light cracked(offside)	0	0	1	0	1	0	\N	Roadworthy if no white light evident through lens	1	1
125	26	yesno	Brake and Reverse Lights, Reflectors and Marker Lights	Are all the brake and reverse lights, reflectors and marker lights free from defects?	Are all the brake and reverse lights, reflectors and marker lights free from defects?	Brake light damaged (offside)	0	0	0	0	1	0	\N	Roadworthy if no white light evident through lens	1	1
126	26	yesno	Brake and Reverse Lights, Reflectors and Marker Lights	Are all the brake and reverse lights, reflectors and marker lights free from defects?	Are all the brake and reverse lights, reflectors and marker lights free from defects?	Brake light not working (offside)	0	0	0	0	1	0	\N	Not roadworthy replace bulb	1	1
127	26	yesno	Brake and Reverse Lights, Reflectors and Marker Lights	Are all the brake and reverse lights, reflectors and marker lights free from defects?	Are all the brake and reverse lights, reflectors and marker lights free from defects?	Reverse light cracked (offside)	0	0	1	0	1	0	\N	Roadworthy but needs workshop visit	1	1
128	26	yesno	Brake and Reverse Lights, Reflectors and Marker Lights	Are all the brake and reverse lights, reflectors and marker lights free from defects?	Are all the brake and reverse lights, reflectors and marker lights free from defects?	Reverse light damaged (offside)	0	0	0	0	1	0	\N	Roadworthy but needs workshop visit	1	1
129	26	yesno	Brake and Reverse Lights, Reflectors and Marker Lights	Are all the brake and reverse lights, reflectors and marker lights free from defects?	Are all the brake and reverse lights, reflectors and marker lights free from defects?	Reverse light not working (offside)	0	0	0	0	1	0	\N	Roadworthy but needs workshop visit	1	1
130	26	yesno	Brake and Reverse Lights, Reflectors and Marker Lights	Are all the brake and reverse lights, reflectors and marker lights free from defects?	Are all the brake and reverse lights, reflectors and marker lights free from defects?	Marker light cracked (offside)	0	0	1	0	1	0	\N	Roadworthy if no white light evident through lens	1	1
131	26	yesno	Brake and Reverse Lights, Reflectors and Marker Lights	Are all the brake and reverse lights, reflectors and marker lights free from defects?	Are all the brake and reverse lights, reflectors and marker lights free from defects?	Marker light damaged (offside)	0	0	1	0	1	0	\N	Roadworthy if no white light evident through lens	1	1
132	26	yesno	Brake and Reverse Lights, Reflectors and Marker Lights	Are all the brake and reverse lights, reflectors and marker lights free from defects?	Are all the brake and reverse lights, reflectors and marker lights free from defects?	Marker light not working (offside)	0	0	1	0	1	0	\N	Roadworthy but needs workshop visit	1	1
133	26	yesno	Brake and Reverse Lights, Reflectors and Marker Lights	Are all the brake and reverse lights, reflectors and marker lights free from defects?	Are all the brake and reverse lights, reflectors and marker lights free from defects?	Reflectors cracked (offside)	0	0	1	0	1	0	\N	Roadworthy but needs workshop visit	1	1
134	26	yesno	Brake and Reverse Lights, Reflectors and Marker Lights	Are all the brake and reverse lights, reflectors and marker lights free from defects?	Are all the brake and reverse lights, reflectors and marker lights free from defects?	Reflectors damaged (offside)	0	0	1	0	1	0	\N	Roadworthy but needs workshop visit	1	1
135	27	yesno	Vehicle Markings 	All vehicle markings / labelling clear and unobstructed?	All vehicle markings / labelling clear and unobstructed?	Dirty/Obstructed 	0	0	1	0	1	0	\N	Clean or remove obstructions	1	1
136	28	yesno	Mirrors	Are all mirrors free from defects?	Are all mirrors free from defects?	Any mirror missing 	0	0	1	0	1	0	\N	Not roadworthy vehicle must be VOR	1	1
137	28	yesno	Mirrors	Are all mirrors free from defects?	Are all mirrors free from defects?	Side view mirror chipped (nearside)	0	0	1	0	1	0	\N	Roadworthy if driver vision is not impaired but needs workshop visit	1	1
138	28	yesno	Mirrors	Are all mirrors free from defects?	Are all mirrors free from defects?	Side view mirror scratched (nearside)	0	0	1	0	1	0	\N	Roadworthy if driver vision is not impaired but needs workshop visit	1	1
139	28	yesno	Mirrors	Are all mirrors free from defects?	Are all mirrors free from defects?	Side view mirror cracked (nearside)	0	0	1	0	1	0	\N	Roadworthy if driver vision is not impaired but needs workshop visit	1	1
140	28	yesno	Mirrors	Are all mirrors free from defects?	Are all mirrors free from defects?	Side view mirror damaged (nearside)	0	0	1	0	1	0	\N	Roadworthy if driver vision is not impaired but needs workshop visit	1	1
141	28	yesno	Mirrors	Are all mirrors free from defects?	Are all mirrors free from defects?	Side mirror casing cracked (nearside)	0	0	1	0	1	0	\N	Roadworthy but needs workshop visit	1	1
142	28	yesno	Mirrors	Are all mirrors free from defects?	Are all mirrors free from defects?	Side mirror casing damaged (nearside)	0	0	1	0	1	0	\N	Roadworthy but needs workshop visit	1	1
143	28	yesno	Mirrors	Are all mirrors free from defects?	Are all mirrors free from defects?	Side mirror casing scratched (nearside)	0	0	1	0	1	0	\N	Roadworthy but needs workshop visit	1	1
144	28	yesno	Mirrors	Are all mirrors free from defects?	Are all mirrors free from defects?	Obstructed view (nearside)	0	0	1	0	1	0	\N	Remove obstructions	1	1
145	28	yesno	Mirrors	Are all mirrors free from defects?	Are all mirrors free from defects?	Mirrors de-laminated (nearside)	0	0	1	0	1	0	\N	Roadworthy if driver vision is not impaired but needs workshop visit	1	1
146	28	yesno	Mirrors	Are all mirrors free from defects?	Are all mirrors free from defects?	Side view mirror chipped (offside)	0	0	1	0	1	0	\N	Roadworthy if driver vision is not impaired but needs workshop visit	1	1
147	28	yesno	Mirrors	Are all mirrors free from defects?	Are all mirrors free from defects?	Side view mirror scratched (offside)	0	0	1	0	1	0	\N	Roadworthy if driver vision is not impaired but needs workshop visit	1	1
148	28	yesno	Mirrors	Are all mirrors free from defects?	Are all mirrors free from defects?	Side view mirror cracked (offside)	0	0	1	0	1	0	\N	Roadworthy if driver vision is not impaired but needs workshop visit	1	1
149	28	yesno	Mirrors	Are all mirrors free from defects?	Are all mirrors free from defects?	Side view mirror damaged (offside)	0	0	1	0	1	0	\N	Roadworthy if driver vision is not impaired but needs workshop visit	1	1
150	28	yesno	Mirrors	Are all mirrors free from defects?	Are all mirrors free from defects?	Side mirror casing cracked (offside)	0	0	1	0	1	0	\N	Roadworthy if driver vision is not impaired but needs workshop visit	1	1
151	28	yesno	Mirrors	Are all mirrors free from defects?	Are all mirrors free from defects?	Side mirror casing damaged (offside)	0	0	1	0	1	0	\N	Roadworthy if driver vision is not impaired but needs workshop visit	1	1
152	28	yesno	Mirrors	Are all mirrors free from defects?	Are all mirrors free from defects?	Side mirror casing scratched (offside)	0	0	1	0	1	0	\N	Roadworthy if driver vision is not impaired but needs workshop visit	1	1
153	28	yesno	Mirrors	Are all mirrors free from defects?	Are all mirrors free from defects?	Obstructed view (offside)	0	0	1	0	1	0	\N	Remove obstructions	1	1
154	28	yesno	Mirrors	Are all mirrors free from defects?	Are all mirrors free from defects?	Mirrors de-laminated (offside)	0	0	1	0	1	0	\N	Roadworthy if driver vision is not impaired but needs workshop visit	1	1
155	28	yesno	Mirrors	Are all mirrors free from defects?	Are all mirrors free from defects?	Front view mirror chipped	0	0	1	0	1	0	\N	Roadworthy if driver vision is not impaired but needs workshop visit	1	1
156	28	yesno	Mirrors	Are all mirrors free from defects?	Are all mirrors free from defects?	Front view mirror scratched	0	0	1	0	1	0	\N	Roadworthy if driver vision is not impaired but needs workshop visit	1	1
157	28	yesno	Mirrors	Are all mirrors free from defects?	Are all mirrors free from defects?	Front view mirror cracked	0	0	1	0	1	0	\N	Roadworthy if driver vision is not impaired but needs workshop visit	1	1
158	28	yesno	Mirrors	Are all mirrors free from defects?	Are all mirrors free from defects?	Front view mirror damaged	0	0	1	0	1	0	\N	Roadworthy if driver vision is not impaired but needs workshop visit	1	1
159	29	yesno	Wheels and Tyres	Are the wheels and tyres free from defects?	Are the wheels and tyres free from defects?	Under inflated (1st Axel offside)	0	0	1	0	1	0	\N	Not roadworthy call tyre provider 	1	1
160	29	yesno	Wheels and Tyres	Are the wheels and tyres free from defects?	Are the wheels and tyres free from defects?	Under inflated (1st Axel nearside)	0	0	1	0	1	0	\N	Not roadworthy call tyre provider 	1	1
161	29	yesno	Wheels and Tyres	Are the wheels and tyres free from defects?	Are the wheels and tyres free from defects?	Under inflated (2nd Axel offside)	0	0	1	0	1	0	\N	Not roadworthy call tyre provider 	1	1
162	29	yesno	Wheels and Tyres	Are the wheels and tyres free from defects?	Are the wheels and tyres free from defects?	Under inflated (2nd Axel nearside)	0	0	1	0	1	0	\N	Not roadworthy call tyre provider 	1	1
163	29	yesno	Wheels and Tyres	Are the wheels and tyres free from defects?	Are the wheels and tyres free from defects?	Under inflated (3rd Axel offside)	0	0	1	0	1	0	\N	Not roadworthy call tyre provider 	1	1
164	29	yesno	Wheels and Tyres	Are the wheels and tyres free from defects?	Are the wheels and tyres free from defects?	Under inflated (3rd Axel nearside)	0	0	1	0	1	0	\N	Not roadworthy call tyre provider 	1	1
165	29	yesno	Wheels and Tyres	Are the wheels and tyres free from defects?	Are the wheels and tyres free from defects?	Puncture (1st Axel offside)	0	0	1	0	1	0	\N	Not roadworthy call tyre provider 	1	1
166	29	yesno	Wheels and Tyres	Are the wheels and tyres free from defects?	Are the wheels and tyres free from defects?	Puncture (1st Axel nearside)	0	0	1	0	1	0	\N	Not roadworthy call tyre provider 	1	1
167	29	yesno	Wheels and Tyres	Are the wheels and tyres free from defects?	Are the wheels and tyres free from defects?	Puncture (2nd Axel offside)	0	0	1	0	1	0	\N	Not roadworthy call tyre provider 	1	1
168	29	yesno	Wheels and Tyres	Are the wheels and tyres free from defects?	Are the wheels and tyres free from defects?	Puncture (2nd Axel nearside)	0	0	1	0	1	0	\N	Not roadworthy call tyre provider 	1	1
169	29	yesno	Wheels and Tyres	Are the wheels and tyres free from defects?	Are the wheels and tyres free from defects?	Puncture (3rd Axel offside)	0	0	1	0	1	0	\N	Not roadworthy call tyre provider 	1	1
170	29	yesno	Wheels and Tyres	Are the wheels and tyres free from defects?	Are the wheels and tyres free from defects?	Puncture (3rd Axel nearside)	0	0	1	0	1	0	\N	Not roadworthy call tyre provider 	1	1
171	29	yesno	Wheels and Tyres	Are the wheels and tyres free from defects?	Are the wheels and tyres free from defects?	Cords visible (1st Axel offside)	0	0	1	0	1	0	\N	Not roadworthy call tyre provider 	1	1
172	29	yesno	Wheels and Tyres	Are the wheels and tyres free from defects?	Are the wheels and tyres free from defects?	Cords visible (1st Axel nearside)	0	0	1	0	1	0	\N	Not roadworthy call tyre provider 	1	1
173	29	yesno	Wheels and Tyres	Are the wheels and tyres free from defects?	Are the wheels and tyres free from defects?	Cords visible (2nd Axel offside)	0	0	1	0	1	0	\N	Not roadworthy call tyre provider 	1	1
174	29	yesno	Wheels and Tyres	Are the wheels and tyres free from defects?	Are the wheels and tyres free from defects?	Cords visible (2nd Axel nearside)	0	0	1	0	1	0	\N	Not roadworthy call tyre provider 	1	1
175	29	yesno	Wheels and Tyres	Are the wheels and tyres free from defects?	Are the wheels and tyres free from defects?	Cords visible (3rd Axel offside)	0	0	1	0	1	0	\N	Not roadworthy call tyre provider 	1	1
176	29	yesno	Wheels and Tyres	Are the wheels and tyres free from defects?	Are the wheels and tyres free from defects?	Cords visible (3rd Axel nearside)	0	0	1	0	1	0	\N	Not roadworthy call tyre provider 	1	1
177	29	yesno	Wheels and Tyres	Are the wheels and tyres free from defects?	Are the wheels and tyres free from defects?	Cuts to tread (1st Axel offside)	0	0	1	0	1	0	\N	Not roadworthy call tyre provider 	1	1
178	29	yesno	Wheels and Tyres	Are the wheels and tyres free from defects?	Are the wheels and tyres free from defects?	Cuts to tread (1st Axel nearside)	0	0	1	0	1	0	\N	Not roadworthy call tyre provider 	1	1
179	29	yesno	Wheels and Tyres	Are the wheels and tyres free from defects?	Are the wheels and tyres free from defects?	Cuts to tread (2nd Axel offside)	0	0	1	0	1	0	\N	Not roadworthy call tyre provider 	1	1
180	29	yesno	Wheels and Tyres	Are the wheels and tyres free from defects?	Are the wheels and tyres free from defects?	Cuts to tread (2nd Axel nearside)	0	0	1	0	1	0	\N	Not roadworthy call tyre provider 	1	1
181	29	yesno	Wheels and Tyres	Are the wheels and tyres free from defects?	Are the wheels and tyres free from defects?	Cuts to tread (3rd Axel offside)	0	0	1	0	1	0	\N	Not roadworthy call tyre provider 	1	1
182	29	yesno	Wheels and Tyres	Are the wheels and tyres free from defects?	Are the wheels and tyres free from defects?	Cuts to tread (3rd Axel nearside)	0	0	1	0	1	0	\N	Not roadworthy call tyre provider 	1	1
183	29	yesno	Wheels and Tyres	Are the wheels and tyres free from defects?	Are the wheels and tyres free from defects?	Side wall damage (1st Axel offside)	0	0	1	0	1	0	\N	Not roadworthy call tyre provider 	1	1
184	29	yesno	Wheels and Tyres	Are the wheels and tyres free from defects?	Are the wheels and tyres free from defects?	Side wall damage (1st Axel nearside)	0	0	1	0	1	0	\N	Not roadworthy call tyre provider 	1	1
185	29	yesno	Wheels and Tyres	Are the wheels and tyres free from defects?	Are the wheels and tyres free from defects?	Side wall damage (2nd Axel offside)	0	0	1	0	1	0	\N	Not roadworthy call tyre provider 	1	1
186	29	yesno	Wheels and Tyres	Are the wheels and tyres free from defects?	Are the wheels and tyres free from defects?	Side wall damage (2nd Axel nearside)	0	0	1	0	1	0	\N	Not roadworthy call tyre provider 	1	1
187	29	yesno	Wheels and Tyres	Are the wheels and tyres free from defects?	Are the wheels and tyres free from defects?	Side wall damage (3rd Axel offside)	0	0	1	0	1	0	\N	Not roadworthy call tyre provider 	1	1
188	29	yesno	Wheels and Tyres	Are the wheels and tyres free from defects?	Are the wheels and tyres free from defects?	Side wall damage (3rd Axel nearside)	0	0	1	0	1	0	\N	Not roadworthy call tyre provider 	1	1
189	29	yesno	Wheels and Tyres	Are the wheels and tyres free from defects?	Are the wheels and tyres free from defects?	Tread below legal limit (1st Axel offside)	0	0	1	0	1	0	\N	Not roadworthy call tyre provider 	1	1
190	29	yesno	Wheels and Tyres	Are the wheels and tyres free from defects?	Are the wheels and tyres free from defects?	Tread below legal limit (1st Axel nearside)	0	0	1	0	1	0	\N	Not roadworthy call tyre provider 	1	1
191	29	yesno	Wheels and Tyres	Are the wheels and tyres free from defects?	Are the wheels and tyres free from defects?	Tread below legal limit (2nd Axel offside)	0	0	1	0	1	0	\N	Not roadworthy call tyre provider 	1	1
192	29	yesno	Wheels and Tyres	Are the wheels and tyres free from defects?	Are the wheels and tyres free from defects?	Tread below legal limit (2nd Axel nearside)	0	0	1	0	1	0	\N	Not roadworthy call tyre provider 	1	1
193	29	yesno	Wheels and Tyres	Are the wheels and tyres free from defects?	Are the wheels and tyres free from defects?	Tread below legal limit (3rd Axel offside)	0	0	1	0	1	0	\N	Not roadworthy call tyre provider 	1	1
194	29	yesno	Wheels and Tyres	Are the wheels and tyres free from defects?	Are the wheels and tyres free from defects?	Tread below legal limit (3rd Axel nearside)	0	0	1	0	1	0	\N	Not roadworthy call tyre provider 	1	1
195	29	yesno	Wheels and Tyres	Are the wheels and tyres free from defects?	Are the wheels and tyres free from defects?	Tread nearing legal limit  (1st Axel offside)	0	0	1	0	1	0	\N	Roadworthy but needs workshop visit	1	1
196	29	yesno	Wheels and Tyres	Are the wheels and tyres free from defects?	Are the wheels and tyres free from defects?	Tread nearing legal limit  (1st Axel nearside)	0	0	1	0	1	0	\N	Roadworthy but needs workshop visit	1	1
197	29	yesno	Wheels and Tyres	Are the wheels and tyres free from defects?	Are the wheels and tyres free from defects?	Tread nearing legal limit  (2nd Axel offside)	0	0	1	0	1	0	\N	Roadworthy but needs workshop visit	1	1
198	29	yesno	Wheels and Tyres	Are the wheels and tyres free from defects?	Are the wheels and tyres free from defects?	Tread nearing legal limit  (2nd Axel nearside)	0	0	1	0	1	0	\N	Roadworthy but needs workshop visit	1	1
199	29	yesno	Wheels and Tyres	Are the wheels and tyres free from defects?	Are the wheels and tyres free from defects?	Tread nearing legal limit  (3rd Axel offside)	0	0	1	0	1	0	\N	Roadworthy but needs workshop visit	1	1
200	29	yesno	Wheels and Tyres	Are the wheels and tyres free from defects?	Are the wheels and tyres free from defects?	Tread nearing legal limit  (3rd Axel nearside)	0	0	1	0	1	0	\N	Roadworthy but needs workshop visit	1	1
201	29	yesno	Wheels and Tyres	Are the wheels and tyres free from defects?	Are the wheels and tyres free from defects?	Uneven tread wear (1st Axel offside)	0	0	1	0	1	0	\N	Roadworthy but needs workshop visit	1	1
202	29	yesno	Wheels and Tyres	Are the wheels and tyres free from defects?	Are the wheels and tyres free from defects?	Uneven tread wear (1st Axel nearside)	0	0	1	0	1	0	\N	Roadworthy but needs workshop visit	1	1
203	29	yesno	Wheels and Tyres	Are the wheels and tyres free from defects?	Are the wheels and tyres free from defects?	Uneven tread wear (2nd Axel offside)	0	0	1	0	1	0	\N	Roadworthy but needs workshop visit	1	1
204	29	yesno	Wheels and Tyres	Are the wheels and tyres free from defects?	Are the wheels and tyres free from defects?	Uneven tread wear (2nd Axel nearside)	0	0	1	0	1	0	\N	Roadworthy but needs workshop visit	1	1
205	29	yesno	Wheels and Tyres	Are the wheels and tyres free from defects?	Are the wheels and tyres free from defects?	Uneven tread wear (3rd Axel offside)	0	0	1	0	1	0	\N	Roadworthy but needs workshop visit	1	1
206	29	yesno	Wheels and Tyres	Are the wheels and tyres free from defects?	Are the wheels and tyres free from defects?	Uneven tread wear (3rd Axel nearside)	0	0	1	0	1	0	\N	Roadworthy but needs workshop visit	1	1
207	29	yesno	Wheels and Tyres	Are the wheels and tyres free from defects?	Are the wheels and tyres free from defects?	Wheel nuts loose (1st Axel offside)	0	0	1	0	1	0	\N	Not roadworthy call tyre provider 	1	1
208	29	yesno	Wheels and Tyres	Are the wheels and tyres free from defects?	Are the wheels and tyres free from defects?	Wheel nuts loose (1st Axel nearside)	0	0	1	0	1	0	\N	Not roadworthy call tyre provider 	1	1
209	29	yesno	Wheels and Tyres	Are the wheels and tyres free from defects?	Are the wheels and tyres free from defects?	Wheel nuts loose (2nd Axel offside)	0	0	1	0	1	0	\N	Not roadworthy call tyre provider 	1	1
210	29	yesno	Wheels and Tyres	Are the wheels and tyres free from defects?	Are the wheels and tyres free from defects?	Wheel nuts loose (2nd Axel nearside)	0	0	1	0	1	0	\N	Not roadworthy call tyre provider 	1	1
211	29	yesno	Wheels and Tyres	Are the wheels and tyres free from defects?	Are the wheels and tyres free from defects?	Wheel nuts loose (3rd Axel offside)	0	0	1	0	1	0	\N	Not roadworthy call tyre provider 	1	1
212	29	yesno	Wheels and Tyres	Are the wheels and tyres free from defects?	Are the wheels and tyres free from defects?	Wheel nuts loose (3rd Axel nearside)	0	0	1	0	1	0	\N	Not roadworthy call tyre provider 	1	1
213	29	yesno	Wheels and Tyres	Are the wheels and tyres free from defects?	Are the wheels and tyres free from defects?	Missing wheel nuts  (1st Axel offside)	0	0	1	0	1	0	\N	Not roadworthy call tyre provider 	1	1
214	29	yesno	Wheels and Tyres	Are the wheels and tyres free from defects?	Are the wheels and tyres free from defects?	Missing wheel nuts  (1st Axel nearside)	0	1	1	0	1	0	\N	Not roadworthy call tyre provider 	1	1
215	29	yesno	Wheels and Tyres	Are the wheels and tyres free from defects?	Are the wheels and tyres free from defects?	Missing wheel nuts  (2nd Axel offside)	0	0	1	0	1	0	\N	Not roadworthy call tyre provider 	1	1
216	29	yesno	Wheels and Tyres	Are the wheels and tyres free from defects?	Are the wheels and tyres free from defects?	Missing wheel nuts  (2nd Axel nearside)	0	0	1	0	1	0	\N	Not roadworthy call tyre provider 	1	1
217	29	yesno	Wheels and Tyres	Are the wheels and tyres free from defects?	Are the wheels and tyres free from defects?	Missing wheel nuts  (3rd Axel offside)	0	0	1	0	1	0	\N	Not roadworthy call tyre provider 	1	1
218	29	yesno	Wheels and Tyres	Are the wheels and tyres free from defects?	Are the wheels and tyres free from defects?	Missing wheel nuts  (3rd Axel nearside)	0	0	1	0	1	0	\N	Not roadworthy call tyre provider 	1	1
219	29	yesno	Wheels and Tyres	Are the wheels and tyres free from defects?	Are the wheels and tyres free from defects?	Re-torque required (1st Axel offside)	0	0	1	0	1	0	\N	Not roadworthy call tyre provider 	1	1
220	29	yesno	Wheels and Tyres	Are the wheels and tyres free from defects?	Are the wheels and tyres free from defects?	Re-torque required (1st Axel nearside)	0	0	1	0	1	0	\N	Not roadworthy call tyre provider 	1	1
221	29	yesno	Wheels and Tyres	Are the wheels and tyres free from defects?	Are the wheels and tyres free from defects?	Re-torque required (2nd Axel offside)	0	0	1	0	1	0	\N	Not roadworthy call tyre provider 	1	1
222	29	yesno	Wheels and Tyres	Are the wheels and tyres free from defects?	Are the wheels and tyres free from defects?	Re-torque required (2nd Axel nearside)	0	0	1	0	1	0	\N	Not roadworthy call tyre provider 	1	1
223	29	yesno	Wheels and Tyres	Are the wheels and tyres free from defects?	Are the wheels and tyres free from defects?	Re-torque required (3rd Axel offside)	0	0	1	0	1	0	\N	Not roadworthy call tyre provider 	1	1
224	29	yesno	Wheels and Tyres	Are the wheels and tyres free from defects?	Are the wheels and tyres free from defects?	Re-torque required (3rd Axel nearside)	0	0	1	0	1	0	\N	Not roadworthy call tyre provider 	1	1
225	30	yesno	Wings and Flaps 	Are wings and flaps free from damage?	Are wings and flaps free from damage?	Damaged wing (nearside)	0	0	1	0	1	0	\N	Not roadworthy vehicle must be VOR	1	1
226	30	yesno	Wings and Flaps 	Are wings and flaps free from damage?	Are wings and flaps free from damage?	Damaged flaps (nearside)	0	0	1	0	1	0	\N	Not roadworthy vehicle must be VOR	1	1
227	30	yesno	Wings and Flaps 	Are wings and flaps free from damage?	Are wings and flaps free from damage?	Damaged wing (offside)	0	0	1	0	1	0	\N	Not roadworthy vehicle must be VOR	1	1
228	30	yesno	Wings and Flaps 	Are wings and flaps free from damage?	Are wings and flaps free from damage?	Damaged flaps (offside)	0	0	1	0	1	0	\N	Not roadworthy vehicle must be VOR	1	1
229	31	yesno	Bodywork and Number Plate	Is the bodywork and number plate free from damage and sharp edges?	Is the bodywork and number plate free from damage and sharp edges?	Number plate damaged (front)	0	0	1	0	1	0	\N	Roadworthy if present and legible	1	1
230	31	yesno	Bodywork and Number Plate	Is the bodywork and number plate free from damage and sharp edges?	Is the bodywork and number plate free from damage and sharp edges?	Number plate missing (front)	0	0	1	0	1	0	\N	Not roadworthy vehicle must be VOR	1	1
231	31	yesno	Bodywork and Number Plate	Is the bodywork and number plate free from damage and sharp edges?	Is the bodywork and number plate free from damage and sharp edges?	Damaged front grill	0	0	1	0	1	0	\N	Roadworthy if there are no evident sharp edges	1	1
232	31	yesno	Bodywork and Number Plate	Is the bodywork and number plate free from damage and sharp edges?	Is the bodywork and number plate free from damage and sharp edges?	Damaged bonnet	0	0	1	0	1	0	\N	Roadworthy if there are no evident sharp edges	1	1
233	31	yesno	Bodywork and Number Plate	Is the bodywork and number plate free from damage and sharp edges?	Is the bodywork and number plate free from damage and sharp edges?	Damaged bumper (front)	0	0	1	0	1	0	\N	Roadworthy if there are no evident sharp edges	1	1
234	31	yesno	Bodywork and Number Plate	Is the bodywork and number plate free from damage and sharp edges?	Is the bodywork and number plate free from damage and sharp edges?	Damaged front wind deflector	0	0	1	0	1	0	\N	Roadworthy if there are no evident sharp edges	1	1
235	31	yesno	Bodywork and Number Plate	Is the bodywork and number plate free from damage and sharp edges?	Is the bodywork and number plate free from damage and sharp edges?	Damaged door (nearside)	0	0	1	0	1	0	\N	Roadworthy if there are no evident sharp edges	1	1
236	31	yesno	Bodywork and Number Plate	Is the bodywork and number plate free from damage and sharp edges?	Is the bodywork and number plate free from damage and sharp edges?	Damaged body panel (nearside)	0	0	1	0	1	0	\N	Roadworthy if there are no evident sharp edges	1	1
237	31	yesno	Bodywork and Number Plate	Is the bodywork and number plate free from damage and sharp edges?	Is the bodywork and number plate free from damage and sharp edges?	Damaged sideguard (nearside)	0	0	1	0	1	0	\N	Roadworthy if there are no evident sharp edges	1	1
238	31	yesno	Bodywork and Number Plate	Is the bodywork and number plate free from damage and sharp edges?	Is the bodywork and number plate free from damage and sharp edges?	Number plate damaged (back)	0	0	1	0	1	0	\N	Roadworthy if present and legible	1	1
239	31	yesno	Bodywork and Number Plate	Is the bodywork and number plate free from damage and sharp edges?	Is the bodywork and number plate free from damage and sharp edges?	Number plate missing (back)	0	0	1	0	1	0	\N	Not roadworthy vehicle must be VOR	1	1
240	31	yesno	Bodywork and Number Plate	Is the bodywork and number plate free from damage and sharp edges?	Is the bodywork and number plate free from damage and sharp edges?	Number plate light broken (back)	0	0	1	0	1	0	\N	Roadworthy but needs workshop visit	1	1
241	31	yesno	Bodywork and Number Plate	Is the bodywork and number plate free from damage and sharp edges?	Is the bodywork and number plate free from damage and sharp edges?	Damaged door (offside)	0	0	1	0	1	0	\N	Roadworthy if there are no evident sharp edges	1	1
242	31	yesno	Bodywork and Number Plate	Is the bodywork and number plate free from damage and sharp edges?	Is the bodywork and number plate free from damage and sharp edges?	Damaged body panel (offside)	0	0	1	0	1	0	\N	Roadworthy if there are no evident sharp edges	1	1
243	31	yesno	Bodywork and Number Plate	Is the bodywork and number plate free from damage and sharp edges?	Is the bodywork and number plate free from damage and sharp edges?	Damaged sideguard (offside)	0	0	1	0	1	0	\N	Roadworthy if there are no evident sharp edges	1	1
244	32	yesno	Batteries	Is the battery free from defects?	Is the battery free from defects?	Battery flat/won't start	0	0	0	0	1	0	\N	Not roadworthy go to service centre / Workshop	1	1
245	32	yesno	Batteries	Is the battery free from defects?	Is the battery free from defects?	Battery cover damaged / missing	0	0	1	0	1	0	\N	Not roadworthy vehicle must be VOR	1	1
246	33	yesno	Fuel Tank and Adblue	Is the fuel tank or AdBlue tank damaged?	Is the fuel tank or AdBlue tank damaged?	Damaged fuel tank	0	0	1	0	1	0	\N	Roadworthy if there are no evident sharp edges	1	1
247	33	yesno	Fuel Tank and Adblue	Is the fuel tank or AdBlue tank damaged?	Is the fuel tank or AdBlue tank damaged?	Damaged AdBlue tank	0	0	1	0	1	0	\N	Roadworthy if there are no evident sharp edges	1	1
248	34	yesno	Exhaust System	Is the exhaust free from excessive smoke and noise?	Is the exhaust free from excessive smoke and noise?	Excessive smoke	0	0	0	0	0	0	\N	Not roadworthy vehicle must be VOR	1	1
249	34	yesno	Exhaust System	Is the exhaust free from excessive smoke and noise?	Is the exhaust free from excessive smoke and noise?	Black smoke	0	0	0	0	0	0	\N	Not roadworthy vehicle must be VOR	1	1
250	34	yesno	Exhaust System	Is the exhaust free from excessive smoke and noise?	Is the exhaust free from excessive smoke and noise?	White smoke	0	0	0	0	0	0	\N	Not roadworthy vehicle must be VOR	1	1
251	34	yesno	Exhaust System	Is the exhaust free from excessive smoke and noise?	Is the exhaust free from excessive smoke and noise?	Unusual noise present	0	0	0	0	0	0	\N	Not roadworthy vehicle must be VOR	1	1
252	35	yesno	Electrical Line Connectors	Are the electrical connectors operational?	Are the electrical connectors operational?	Electrical connector not working	0	0	0	0	0	0	\N	Not roadworthy vehicle must be VOR	1	1
253	36	yesno	Electrical Lines	Are the electrical lines free from defects?	Are the electrical lines free from defects?	Electrical line damaged	0	0	1	0	0	0	\N	Not roadworthy vehicle must be VOR	1	1
254	36	yesno	Electrical Lines	Are the electrical lines free from defects?	Are the electrical lines free from defects?	Electrical line not working	0	0	0	0	0	0	\N	Not roadworthy vehicle must be VOR	1	1
255	36	yesno	Electrical Lines	Are the electrical lines free from defects?	Are the electrical lines free from defects?	Missing	0	0	0	0	1	0	\N	Not roadworthy vehicle must be VOR	1	1
256	37	yesno	Air Lines	Are the air lines and connectors operational and free from defects?	Are the air lines and connectors operational and free from defects?	Air line / connector damaged	0	0	1	0	0	0	\N	Not roadworthy vehicle must be VOR	1	1
257	37	yesno	Air Lines	Are the air lines and connectors operational and free from defects?	Are the air lines and connectors operational and free from defects?	Air line / connector leaking	0	0	0	0	0	0	\N	Not roadworthy vehicle must be VOR	1	1
258	37	yesno	Air Lines	Are the air lines and connectors operational and free from defects?	Are the air lines and connectors operational and free from defects?	Missing	0	0	0	0	1	0	\N	Not roadworthy vehicle must be VOR	1	1
259	38	yesno	5th Wheel - Coupling	Is the 5th wheel coupling secure?	Is the 5th wheel coupling secure?	Coupling insecure	0	0	1	0	1	0	\N	Not roadworthy vehicle must be VOR	1	1
260	39	yesno	5th Wheel - Drawbar	Is the drawbar secure?	Is the drawbar secure?	Drawbar insecure	0	0	1	0	1	0	\N	Not roadworthy vehicle must be VOR	1	1
261	40	yesno	5th Wheel - Safety Clip	Is the safety clip in place?	Is the safety clip in place?	Safety clip missing / defective	0	0	1	0	1	0	\N	Not roadworthy vehicle must be VOR	1	1
262	41	yesno	Leaks	Walk around the vehicle. Is the vehicle free from leaks?	Walk around the vehicle. Is the vehicle free from leaks?	Brake system	0	0	1	0	1	0	\N	Not roadworthy vehicle must be VOR	1	1
263	41	yesno	Leaks	Walk around the vehicle. Is the vehicle free from leaks?	Walk around the vehicle. Is the vehicle free from leaks?	Fuel leak	0	0	1	0	1	0	\N	Not roadworthy vehicle must be VOR	1	1
264	41	yesno	Leaks	Walk around the vehicle. Is the vehicle free from leaks?	Walk around the vehicle. Is the vehicle free from leaks?	Oil leak	0	0	1	0	1	0	\N	Not roadworthy vehicle must be VOR	1	1
265	41	yesno	Leaks	Walk around the vehicle. Is the vehicle free from leaks?	Walk around the vehicle. Is the vehicle free from leaks?	Water leak	0	0	1	0	1	0	\N	Not roadworthy vehicle must be VOR	1	1
266	42	yesno	Discharge equipment - Air Compressor	Is the air compressor functioning correctly and pipework/connections free from defects?	Is the air compressor functioning correctly and pipework/connections free from defects?	Compressor defective	0	0	0	0	0	0	\N	Not roadworthy vehicle must be VOR	1	1
267	42	yesno	Discharge equipment - Air Compressor	Is the air compressor functioning correctly and pipework/connections free from defects?	Is the air compressor functioning correctly and pipework/connections free from defects?	Pipework/connections faulty	0	0	1	0	1	0	\N	Not roadworthy vehicle must be VOR	1	1
268	43	yesno	Discharge equipment - Pressure Line	Is the pressure line free from defects?	Is the pressure line free from defects?	Line valve inoperative	0	0	0	0	0	0	\N	Not roadworthy vehicle must be VOR	1	1
269	43	yesno	Discharge equipment - Pressure Line	Is the pressure line free from defects?	Is the pressure line free from defects?	Pressure gauge defective	0	0	0	0	0	0	\N	Not roadworthy vehicle must be VOR	1	1
270	43	yesno	Discharge equipment - Pressure Line	Is the pressure line free from defects?	Is the pressure line free from defects?	Jumper hose damaged	0	0	1	0	0	0	\N	Not roadworthy vehicle must be VOR	1	1
271	43	yesno	Discharge equipment - Pressure Line	Is the pressure line free from defects?	Is the pressure line free from defects?	Non-return valve defective	0	0	0	0	0	0	\N	Not roadworthy vehicle must be VOR	1	1
272	44	yesno	Battery and Electrics	Are the electrics and the battery free from defects and secure?	Are the electrics and the battery free from defects and secure?	Battery flat/won't start	0	0	0	0	1	0	\N	Not roadworthy vehicle must be VOR	1	1
273	44	yesno	Battery and Electrics	Are the electrics and the battery free from defects and secure?	Are the electrics and the battery free from defects and secure?	Battery is leaking	0	0	1	0	1	0	\N	Not roadworthy vehicle must be VOR	1	1
274	44	yesno	Battery and Electrics	Are the electrics and the battery free from defects and secure?	Are the electrics and the battery free from defects and secure?	Damaged cables	0	0	1	0	1	0	\N	Not roadworthy vehicle must be VOR	1	1
275	44	yesno	Battery and Electrics	Are the electrics and the battery free from defects and secure?	Are the electrics and the battery free from defects and secure?	Damaged connectors/couplings	0	0	1	0	1	0	\N	Not roadworthy vehicle must be VOR	1	1
276	45	yesno	Tyres	Are the tyres free from defects?	Are the tyres free from defects?	Cords visible	0	0	1	0	1	0	\N	Not roadworthy call tyre provider 	1	1
277	45	yesno	Tyres	Are the tyres free from defects?	Are the tyres free from defects?	Puncture	0	0	1	0	1	0	\N	Not roadworthy call tyre provider 	1	1
278	45	yesno	Tyres	Are the tyres free from defects?	Are the tyres free from defects?	Side wall damage	0	0	1	0	1	0	\N	Not roadworthy call tyre provider 	1	1
279	45	yesno	Tyres	Are the tyres free from defects?	Are the tyres free from defects?	Tread below legal limit 1.6 mm	0	0	1	0	1	0	\N	Not roadworthy call tyre provider 	1	1
280	45	yesno	Tyres	Are the tyres free from defects?	Are the tyres free from defects?	Tread nearing legal limit 1.6 mm	0	0	1	0	1	0	\N	Not roadworthy call tyre provider 	1	1
281	45	yesno	Tyres	Are the tyres free from defects?	Are the tyres free from defects?	Under inflated	0	0	0	0	1	0	\N	Not roadworthy call tyre provider 	1	1
282	45	yesno	Tyres	Are the tyres free from defects?	Are the tyres free from defects?	Uneven tread wear	0	0	1	0	1	0	\N	Roadworthy but needs workshop visit	1	1
283	46	yesno	Wheels	Are the wheels free from defects?	Are the wheels free from defects?	Missing wheel nuts	0	0	1	0	1	0	\N	Not roadworthy vehicle must be VOR	1	1
284	47	yesno	Indicators, Hazards, Auxilliary Lights and Beacons	Are all indicators, hazards, auxilliary lights and beacons free from defects?	Are all indicators, hazards, auxilliary lights and beacons free from defects?	Indicator damaged	0	0	1	0	1	0	\N	Roadworthy if no white light evident through lens	1	1
285	47	yesno	Indicators, Hazards, Auxilliary Lights and Beacons	Are all indicators, hazards, auxilliary lights and beacons free from defects?	Are all indicators, hazards, auxilliary lights and beacons free from defects?	Indicator in-op	0	0	0	0	1	0	\N	Not roadworthy replace bulb	1	1
286	48	yesno	Speedometer	Speedometer	Speedometer	Speedometer faulty	0	0	0	0	1	0	\N	Not roadworthy vehicle must be VOR	1	1
287	49	yesno	Clutch	Clutch	Clutch	Faulty clutch	0	0	0	0	1	0	\N	Roadworthy but needs workshop visit. Confirm with manager	1	1
288	50	yesno	Tyre Safety Check	Tyre Safety Check	Tyre Safety Check	Tyre safety check	0	0	0	0	1	0	\N	Contact Fleet and advise that a workshop booking is required	1	1
289	51	yesno	Vehicle for MOT	Vehicle for MOT	Vehicle for MOT	Vehicle for MOT	0	0	0	0	1	0	\N	Advisory defect	1	1
290	52	yesno	Vehicle for Service	Vehicle for Service	Vehicle for Service	Vehicle for service	0	0	0	0	1	0	\N	Advisory defect	1	1
291	53	yesno	Wheel Re-torque Required	Wheel Re-torque Required	Wheel Re-torque Required	Wheel re-torque required	0	0	0	0	1	0	\N	Wheels must be re-torqued to correct Nm, stand for 30 mins and be re-torqued again	1	1
292	54	yesno	Wheel Alignment and Tracking	Wheel Alignment and Tracking	Wheel Alignment and Tracking	Wheel alignment and tracking	0	0	0	0	1	0	\N	Contact Fleet and advise that a workshop booking is required	1	1
293	55	yesno	Trailer Coupling and Security - Safety Clip	Is the safety clip in position?	Is the safety clip in position?	Safety clip missing/defective	0	0	0	0	0	0	\N	Not roadworthy vehicle must be VOR	1	1
294	56	yesno	Trailer Coupling and Security - 5th Wheel	Is the 5th wheel coupling engaged correctly?	Is the 5th wheel coupling engaged correctly?	Is there excessive movement	0	0	0	0	1	0	\N	Not roadworthy vehicle must be VOR	1	1
295	56	yesno	Trailer Coupling and Security - 5th Wheel	Is the 5th wheel coupling engaged correctly?	Is the 5th wheel coupling engaged correctly?	Not secured	0	0	0	0	1	0	\N	Not roadworthy vehicle must be VOR	1	1
296	57	yesno	Trailer Coupling and Security - Landing Legs	Are landing legs free from defects?	Are landing legs free from defects?	Landing legs damaged	0	0	1	0	1	0	\N	Not roadworthy vehicle must be VOR	1	1
297	57	yesno	Trailer Coupling and Security - Landing Legs	Are landing legs free from defects?	Are landing legs free from defects?	Landing feet damaged	0	0	1	0	1	0	\N	Not roadworthy vehicle must be VOR	1	1
298	57	yesno	Trailer Coupling and Security - Landing Legs	Are landing legs free from defects?	Are landing legs free from defects?	Difficult to raise or lower	0	0	0	0	0	0	\N	Roadworthy but needs workshop visit	1	1
299	58	yesno	Trailer Coupling and Security - Winding Handle	Is the winding handle secure?	Is the winding handle secure?	No missing	0	0	0	0	0	0	\N	Not roadworthy vehicle must be VOR	1	1
300	59	yesno	Trailer Electrical Coupling	Is the electrical coupling free from defects?	Is the electrical coupling free from defects?	Coupling damaged	0	0	1	0	1	0	\N	Not roadworthy vehicle must be VOR	1	1
301	60	yesno	Trailer Air Coupling	Is the air coupling free from defects?	Is the air coupling free from defects?	Coupling damaged	0	0	1	0	1	0	\N	Not roadworthy vehicle must be VOR	1	1
302	61	yesno	Trailer Brakes	Is the parking brake operating correctly?	Is the parking brake operating correctly?	Parking brake faulty/stuck	0	0	0	0	1	0	\N	Not roadworthy vehicle must be VOR	1	1
303	62	yesno	Trailer Leaks	Are the any air leaks on the trailer?	Are the any air leaks on the trailer?	Air leak on brake system	0	0	0	0	1	0	\N	Not roadworthy vehicle must be VOR	1	1
304	62	yesno	Trailer Leaks	Are the any air leaks on the trailer?	Are the any air leaks on the trailer?	Air leak on valve operation	0	0	0	0	1	0	\N	Not roadworthy vehicle must be VOR	1	1
305	62	yesno	Trailer Leaks	Are the any air leaks on the trailer?	Are the any air leaks on the trailer?	Other air leak	0	0	0	0	1	0	\N	Not roadworthy vehicle must be VOR	1	1
306	63	yesno	Trailer Rear Lights 	Are all the rear lights free from defects?	Are all the rear lights free from defects?	Rear light cracked (nearside)	0	0	1	0	1	0	\N	Roadworthy if no white light evident through lens	1	1
307	63	yesno	Trailer Rear Lights 	Are all the rear lights free from defects?	Are all the rear lights free from defects?	Rear light damaged (nearside)	0	0	1	0	1	0	\N	Roadworthy if no white light evident through lens	1	1
308	63	yesno	Trailer Rear Lights 	Are all the rear lights free from defects?	Are all the rear lights free from defects?	Rear light not working (nearside)	0	0	1	0	1	0	\N	Not roadworthy replace bulb	1	1
309	63	yesno	Trailer Rear Lights 	Are all the rear lights free from defects?	Are all the rear lights free from defects?	Rear light cracked (offside)	0	0	1	0	1	0	\N	Roadworthy if no white light evident through lens	1	1
310	63	yesno	Trailer Rear Lights 	Are all the rear lights free from defects?	Are all the rear lights free from defects?	Rear light damaged (offside)	0	0	1	0	1	0	\N	Not roadworthy vehicle must be VOR	1	1
311	63	yesno	Trailer Rear Lights 	Are all the rear lights free from defects?	Are all the rear lights free from defects?	Rear light not working (offside)	0	0	1	0	1	0	\N	Not roadworthy replace bulb	1	1
312	63	yesno	Trailer Brake Lights	Are all the brake lights free from defects?	Are all the brake lights free from defects?	Brake light cracked (nearside)	0	0	1	0	1	0	\N	Roadworthy if no white light evident through lens	1	1
313	63	yesno	Trailer Brake Lights	Are all the brake lights free from defects?	Are all the brake lights free from defects?	Brake light damaged (nearside)	0	0	1	0	1	0	\N	Not roadworthy vehicle must be VOR	1	1
314	63	yesno	Trailer Brake Lights	Are all the brake lights free from defects?	Are all the brake lights free from defects?	Brake light not working (nearside)	0	0	1	0	1	0	\N	Not roadworthy replace bulb	1	1
315	63	yesno	Trailer Brake Lights	Are all the brake lights free from defects?	Are all the brake lights free from defects?	Brake light cracked (offside)	0	0	1	0	1	0	\N	Roadworthy if no white light evident through lens	1	1
316	63	yesno	Trailer Brake Lights	Are all the brake lights free from defects?	Are all the brake lights free from defects?	Brake light damaged (offside)	0	0	1	0	1	0	\N	Not roadworthy vehicle must be VOR	1	1
317	63	yesno	Trailer Brake Lights	Are all the brake lights free from defects?	Are all the brake lights free from defects?	Brake light not working (offside)	0	0	1	0	1	0	\N	Not roadworthy replace bulb	1	1
318	64	yesno	Trailer Reversing Lights	Are all the reversing lights free from defects?	Are all the reversing lights free from defects?	Reversing light cracked (nearside)	0	0	1	0	1	0	\N	Roadworthy but needs workshop visit	1	1
319	64	yesno	Trailer Reversing Lights	Are all the reversing lights free from defects?	Are all the reversing lights free from defects?	Reversing light damaged (nearside)	0	0	1	0	1	0	\N	Roadworthy but needs workshop visit	1	1
320	64	yesno	Trailer Reversing Lights	Are all the reversing lights free from defects?	Are all the reversing lights free from defects?	Reversing light not working (nearside)	0	0	1	0	1	0	\N	Roadworthy but needs workshop visit	1	1
321	64	yesno	Trailer Reversing Lights	Are all the reversing lights free from defects?	Are all the reversing lights free from defects?	Reversing light cracked (offside)	0	0	1	0	1	0	\N	Roadworthy but needs workshop visit	1	1
322	64	yesno	Trailer Reversing Lights	Are all the reversing lights free from defects?	Are all the reversing lights free from defects?	Reversing light damaged (offside)	0	0	1	0	1	0	\N	Roadworthy but needs workshop visit	1	1
323	64	yesno	Trailer Reversing Lights	Are all the reversing lights free from defects?	Are all the reversing lights free from defects?	Reversing light not working (offside)	0	0	1	0	1	0	\N	Roadworthy but needs workshop visit	1	1
324	65	yesno	Trailer Fog Lights	Are all the fog lights free from defects?	Are all the fog lights free from defects?	Fog light cracked (nearside)	0	0	1	0	1	0	\N	Roadworthy but needs workshop visit	1	1
325	65	yesno	Trailer Fog Lights	Are all the fog lights free from defects?	Are all the fog lights free from defects?	Fog light damaged (nearside)	0	0	1	0	1	0	\N	Roadworthy but needs workshop visit	1	1
326	65	yesno	Trailer Fog Lights	Are all the fog lights free from defects?	Are all the fog lights free from defects?	Fog light not working (nearside)	0	0	1	0	1	0	\N	Not roadworthy replace bulb	1	1
327	65	yesno	Trailer Fog Lights	Are all the fog lights free from defects?	Are all the fog lights free from defects?	Fog light cracked (offside)	0	0	1	0	1	0	\N	Roadworthy but needs workshop visit	1	1
328	65	yesno	Trailer Fog Lights	Are all the fog lights free from defects?	Are all the fog lights free from defects?	Fog light damaged (offside)	0	0	1	0	1	0	\N	Roadworthy but needs workshop visit	1	1
329	65	yesno	Trailer Fog Lights	Are all the fog lights free from defects?	Are all the fog lights free from defects?	Fog light not working (offside)	0	0	1	0	1	0	\N	Not roadworthy replace bulb	1	1
330	66	yesno	Trailer Marker Lights	Are all the marker lights free from defects?	Are all the marker lights free from defects?	Marker lights cracked (nearside)	0	0	1	0	1	0	\N	Roadworthy but needs workshop visit	1	1
331	66	yesno	Trailer Marker Lights	Are all the marker lights free from defects?	Are all the marker lights free from defects?	Marker lights damaged (nearside)	0	0	1	0	1	0	\N	Roadworthy but needs workshop visit	1	1
332	66	yesno	Trailer Marker Lights	Are all the marker lights free from defects?	Are all the marker lights free from defects?	Marker lights not working (nearside)	0	0	1	0	1	0	\N	Roadworthy but needs workshop visit	1	1
333	66	yesno	Trailer Marker Lights	Are all the marker lights free from defects?	Are all the marker lights free from defects?	Marker lights cracked (offside)	0	0	1	0	1	0	\N	Roadworthy but needs workshop visit	1	1
334	66	yesno	Trailer Marker Lights	Are all the marker lights free from defects?	Are all the marker lights free from defects?	Marker lights damaged (offside)	0	0	1	0	1	0	\N	Roadworthy but needs workshop visit	1	1
335	66	yesno	Trailer Marker Lights	Are all the marker lights free from defects?	Are all the marker lights free from defects?	Marker lights not working (offside)	0	0	1	0	1	0	\N	Roadworthy but needs workshop visit	1	1
336	67	yesno	Trailer Reflectors	Are all the reflectors free from defects?	Are all the reflectors free from defects?	Reflectors cracked (nearside)	0	0	1	0	1	0	\N	Roadworthy but needs workshop visit	1	1
337	67	yesno	Trailer Reflectors	Are all the reflectors free from defects?	Are all the reflectors free from defects?	Reflectors damaged (nearside)	0	0	1	0	1	0	\N	Roadworthy but needs workshop visit	1	1
338	67	yesno	Trailer Reflectors	Are all the reflectors free from defects?	Are all the reflectors free from defects?	Reflectors cracked (offside)	0	0	1	0	1	0	\N	Roadworthy but needs workshop visit	1	1
339	67	yesno	Trailer Reflectors	Are all the reflectors free from defects?	Are all the reflectors free from defects?	Reflectors damaged (offside)	0	0	1	0	1	0	\N	Roadworthy but needs workshop visit	1	1
340	68	yesno	Trailer Number Plate Lights	Are all the number plate lights free from defects?	Are all the number plate lights free from defects?	Number plate light cracked (nearside)	0	0	1	0	1	0	\N	Roadworthy but needs workshop visit	1	1
341	68	yesno	Trailer Number Plate Lights	Are all the number plate lights free from defects?	Are all the number plate lights free from defects?	Number plate light damaged (nearside)	0	0	1	0	1	0	\N	Roadworthy but needs workshop visit	1	1
342	68	yesno	Trailer Number Plate Lights	Are all the number plate lights free from defects?	Are all the number plate lights free from defects?	Number plate light not working (nearside)	0	0	1	0	1	0	\N	Roadworthy but needs workshop visit	1	1
343	68	yesno	Trailer Number Plate Lights	Are all the number plate lights free from defects?	Are all the number plate lights free from defects?	Number plate light cracked (offside)	0	0	1	0	1	0	\N	Roadworthy but needs workshop visit	1	1
344	68	yesno	Trailer Number Plate Lights	Are all the number plate lights free from defects?	Are all the number plate lights free from defects?	Number plate light damaged (offside)	0	0	1	0	1	0	\N	Roadworthy but needs workshop visit	1	1
345	68	yesno	Trailer Number Plate Lights	Are all the number plate lights free from defects?	Are all the number plate lights free from defects?	Number plate light not working (offside)	0	0	1	0	1	0	\N	Roadworthy but needs workshop visit	1	1
346	69	yesno	Trailer Indicators and Hazard	Are all trailer indicator and Hazard lights free from defects?	Are all trailer indicator and Hazard lights free from defects?	Indicator light cracked (nearside)	0	0	1	0	1	0	\N	Roadworthy but needs workshop visit	1	1
347	69	yesno	Trailer Indicators and Hazard	Are all trailer indicator and Hazard lights free from defects?	Are all trailer indicator and Hazard lights free from defects?	Indicator light damaged (nearside)	0	0	1	0	1	0	\N	Not roadworthy vehicle must be VOR	1	1
348	69	yesno	Trailer Indicators and Hazard	Are all trailer indicator and Hazard lights free from defects?	Are all trailer indicator and Hazard lights free from defects?	Indicator light not working (nearside)	0	0	1	0	1	0	\N	Not roadworthy replace bulb	1	1
349	69	yesno	Trailer Indicators and Hazard	Are all trailer indicator and Hazard lights free from defects?	Are all trailer indicator and Hazard lights free from defects?	Indicator light cracked (offside)	0	0	1	0	1	0	\N	Roadworthy but needs workshop visit	1	1
350	69	yesno	Trailer Indicators and Hazard	Are all trailer indicator and Hazard lights free from defects?	Are all trailer indicator and Hazard lights free from defects?	Indicator light damaged (offside)	0	0	1	0	1	0	\N	Not roadworthy vehicle must be VOR	1	1
351	69	yesno	Trailer Indicators and Hazard	Are all trailer indicator and Hazard lights free from defects?	Are all trailer indicator and Hazard lights free from defects?	Indicator light not working (offside)	0	0	1	0	1	0	\N	Not roadworthy replace bulb	1	1
352	69	yesno	Trailer Indicators and Hazard	Are all trailer indicator and Hazard lights free from defects?	Are all trailer indicator and Hazard lights free from defects?	Hazard light cracked (nearside)	0	0	1	0	1	0	\N	Roadworthy but needs workshop visit	1	1
353	69	yesno	Trailer Indicators and Hazard	Are all trailer indicator and Hazard lights free from defects?	Are all trailer indicator and Hazard lights free from defects?	Hazard light damaged (nearside)	0	0	1	0	1	0	\N	Roadworthy but needs workshop visit	1	1
354	69	yesno	Trailer Indicators and Hazard	Are all trailer indicator and Hazard lights free from defects?	Are all trailer indicator and Hazard lights free from defects?	Hazard light not working (nearside)	0	0	1	0	1	0	\N	Roadworthy but needs workshop visit	1	1
355	69	yesno	Trailer Indicators and Hazard	Are all trailer indicator and Hazard lights free from defects?	Are all trailer indicator and Hazard lights free from defects?	Hazard light cracked (offside)	0	0	1	0	1	0	\N	Roadworthy but needs workshop visit	1	1
356	69	yesno	Trailer Indicators and Hazard	Are all trailer indicator and Hazard lights free from defects?	Are all trailer indicator and Hazard lights free from defects?	Hazard light damaged (offside)	0	0	1	0	1	0	\N	Not roadworthy vehicle must be VOR	1	1
357	69	yesno	Trailer Indicators and Hazard	Are all trailer indicator and Hazard lights free from defects?	Are all trailer indicator and Hazard lights free from defects?	Hazard light not working (offside)	0	0	1	0	1	0	\N	Not roadworthy vehicle must be VOR	1	1
358	70	yesno	Trailer Wheels and Tyres	Are the wheels and tyres free from defects?	Are the wheels and tyres free from defects?	Under inflated (1st Axel offside)	0	0	1	0	1	0	\N	Not roadworthy call tyre provider 	1	1
359	70	yesno	Trailer Wheels and Tyres	Are the wheels and tyres free from defects?	Are the wheels and tyres free from defects?	Under inflated (1st Axel nearside)	0	0	1	0	1	0	\N	Not roadworthy call tyre provider 	1	1
360	70	yesno	Trailer Wheels and Tyres	Are the wheels and tyres free from defects?	Are the wheels and tyres free from defects?	Under inflated (2nd Axel offside)	0	0	1	0	1	0	\N	Not roadworthy call tyre provider 	1	1
361	70	yesno	Trailer Wheels and Tyres	Are the wheels and tyres free from defects?	Are the wheels and tyres free from defects?	Under inflated (2nd Axel nearside)	0	0	1	0	1	0	\N	Not roadworthy call tyre provider 	1	1
362	70	yesno	Trailer Wheels and Tyres	Are the wheels and tyres free from defects?	Are the wheels and tyres free from defects?	Under inflated (3rd Axel offside)	0	0	1	0	1	0	\N	Not roadworthy call tyre provider 	1	1
363	70	yesno	Trailer Wheels and Tyres	Are the wheels and tyres free from defects?	Are the wheels and tyres free from defects?	Under inflated (3rd Axel nearside)	0	0	1	0	1	0	\N	Not roadworthy call tyre provider 	1	1
364	70	yesno	Trailer Wheels and Tyres	Are the wheels and tyres free from defects?	Are the wheels and tyres free from defects?	Puncture (1st Axel offside)	0	0	1	0	1	0	\N	Not roadworthy call tyre provider 	1	1
365	70	yesno	Trailer Wheels and Tyres	Are the wheels and tyres free from defects?	Are the wheels and tyres free from defects?	Puncture (1st Axel nearside)	0	0	1	0	1	0	\N	Not roadworthy call tyre provider 	1	1
366	70	yesno	Trailer Wheels and Tyres	Are the wheels and tyres free from defects?	Are the wheels and tyres free from defects?	Puncture (2nd Axel offside)	0	0	1	0	1	0	\N	Not roadworthy call tyre provider 	1	1
367	70	yesno	Trailer Wheels and Tyres	Are the wheels and tyres free from defects?	Are the wheels and tyres free from defects?	Puncture (2nd Axel nearside)	0	0	1	0	1	0	\N	Not roadworthy call tyre provider 	1	1
368	70	yesno	Trailer Wheels and Tyres	Are the wheels and tyres free from defects?	Are the wheels and tyres free from defects?	Puncture (3rd Axel offside)	0	0	1	0	1	0	\N	Not roadworthy call tyre provider 	1	1
369	70	yesno	Trailer Wheels and Tyres	Are the wheels and tyres free from defects?	Are the wheels and tyres free from defects?	Puncture (3rd Axel nearside)	0	0	1	0	1	0	\N	Not roadworthy call tyre provider 	1	1
370	70	yesno	Trailer Wheels and Tyres	Are the wheels and tyres free from defects?	Are the wheels and tyres free from defects?	Cords visible (1st Axel offside)	0	0	1	0	1	0	\N	Not roadworthy call tyre provider 	1	1
371	70	yesno	Trailer Wheels and Tyres	Are the wheels and tyres free from defects?	Are the wheels and tyres free from defects?	Cords visible (1st Axel nearside)	0	0	1	0	1	0	\N	Not roadworthy call tyre provider 	1	1
372	70	yesno	Trailer Wheels and Tyres	Are the wheels and tyres free from defects?	Are the wheels and tyres free from defects?	Cords visible (2nd Axel offside)	0	0	1	0	1	0	\N	Not roadworthy call tyre provider 	1	1
373	70	yesno	Trailer Wheels and Tyres	Are the wheels and tyres free from defects?	Are the wheels and tyres free from defects?	Cords visible (2nd Axel nearside)	0	0	1	0	1	0	\N	Not roadworthy call tyre provider 	1	1
374	70	yesno	Trailer Wheels and Tyres	Are the wheels and tyres free from defects?	Are the wheels and tyres free from defects?	Cords visible (3rd Axel offside)	0	0	1	0	1	0	\N	Not roadworthy call tyre provider 	1	1
375	70	yesno	Trailer Wheels and Tyres	Are the wheels and tyres free from defects?	Are the wheels and tyres free from defects?	Cords visible (3rd Axel nearside)	0	0	1	0	1	0	\N	Not roadworthy call tyre provider 	1	1
376	70	yesno	Trailer Wheels and Tyres	Are the wheels and tyres free from defects?	Are the wheels and tyres free from defects?	Cuts to tread (1st Axel offside)	0	0	1	0	1	0	\N	Not roadworthy call tyre provider 	1	1
377	70	yesno	Trailer Wheels and Tyres	Are the wheels and tyres free from defects?	Are the wheels and tyres free from defects?	Cuts to tread (1st Axel nearside)	0	0	1	0	1	0	\N	Not roadworthy call tyre provider 	1	1
378	70	yesno	Trailer Wheels and Tyres	Are the wheels and tyres free from defects?	Are the wheels and tyres free from defects?	Cuts to tread (2nd Axel offside)	0	0	1	0	1	0	\N	Not roadworthy call tyre provider 	1	1
379	70	yesno	Trailer Wheels and Tyres	Are the wheels and tyres free from defects?	Are the wheels and tyres free from defects?	Cuts to tread (2nd Axel nearside)	0	0	1	0	1	0	\N	Not roadworthy call tyre provider 	1	1
380	70	yesno	Trailer Wheels and Tyres	Are the wheels and tyres free from defects?	Are the wheels and tyres free from defects?	Cuts to tread (3rd Axel offside)	0	0	1	0	1	0	\N	Not roadworthy call tyre provider 	1	1
381	70	yesno	Trailer Wheels and Tyres	Are the wheels and tyres free from defects?	Are the wheels and tyres free from defects?	Cuts to tread (3rd Axel nearside)	0	0	1	0	1	0	\N	Not roadworthy call tyre provider 	1	1
382	70	yesno	Trailer Wheels and Tyres	Are the wheels and tyres free from defects?	Are the wheels and tyres free from defects?	Side wall damage (1st Axel offside)	0	0	1	0	1	0	\N	Not roadworthy call tyre provider 	1	1
383	70	yesno	Trailer Wheels and Tyres	Are the wheels and tyres free from defects?	Are the wheels and tyres free from defects?	Side wall damage (1st Axel nearside)	0	0	1	0	1	0	\N	Not roadworthy call tyre provider 	1	1
384	70	yesno	Trailer Wheels and Tyres	Are the wheels and tyres free from defects?	Are the wheels and tyres free from defects?	Side wall damage (2nd Axel offside)	0	0	1	0	1	0	\N	Not roadworthy call tyre provider 	1	1
385	70	yesno	Trailer Wheels and Tyres	Are the wheels and tyres free from defects?	Are the wheels and tyres free from defects?	Side wall damage (2nd Axel nearside)	0	0	1	0	1	0	\N	Not roadworthy call tyre provider 	1	1
386	70	yesno	Trailer Wheels and Tyres	Are the wheels and tyres free from defects?	Are the wheels and tyres free from defects?	Side wall damage (3rd Axel offside)	0	0	1	0	1	0	\N	Not roadworthy call tyre provider 	1	1
387	70	yesno	Trailer Wheels and Tyres	Are the wheels and tyres free from defects?	Are the wheels and tyres free from defects?	Side wall damage (3rd Axel nearside)	0	0	1	0	1	0	\N	Not roadworthy call tyre provider 	1	1
388	70	yesno	Trailer Wheels and Tyres	Are the wheels and tyres free from defects?	Are the wheels and tyres free from defects?	Tread below legal limit (1st Axel offside)	0	0	1	0	1	0	\N	Not roadworthy call tyre provider 	1	1
389	70	yesno	Trailer Wheels and Tyres	Are the wheels and tyres free from defects?	Are the wheels and tyres free from defects?	Tread below legal limit (1st Axel nearside)	0	0	1	0	1	0	\N	Not roadworthy call tyre provider 	1	1
390	70	yesno	Trailer Wheels and Tyres	Are the wheels and tyres free from defects?	Are the wheels and tyres free from defects?	Tread below legal limit (2nd Axel offside)	0	0	1	0	1	0	\N	Not roadworthy call tyre provider 	1	1
391	70	yesno	Trailer Wheels and Tyres	Are the wheels and tyres free from defects?	Are the wheels and tyres free from defects?	Tread below legal limit (2nd Axel nearside)	0	0	1	0	1	0	\N	Not roadworthy call tyre provider 	1	1
392	70	yesno	Trailer Wheels and Tyres	Are the wheels and tyres free from defects?	Are the wheels and tyres free from defects?	Tread below legal limit (3rd Axel offside)	0	0	1	0	1	0	\N	Not roadworthy call tyre provider 	1	1
393	70	yesno	Trailer Wheels and Tyres	Are the wheels and tyres free from defects?	Are the wheels and tyres free from defects?	Tread below legal limit (3rd Axel nearside)	0	0	1	0	1	0	\N	Not roadworthy call tyre provider 	1	1
394	70	yesno	Trailer Wheels and Tyres	Are the wheels and tyres free from defects?	Are the wheels and tyres free from defects?	Tread nearing legal limit  (1st Axel offside)	0	0	1	0	1	0	\N	Not roadworthy call tyre provider 	1	1
395	70	yesno	Trailer Wheels and Tyres	Are the wheels and tyres free from defects?	Are the wheels and tyres free from defects?	Tread nearing legal limit  (1st Axel nearside)	0	0	1	0	1	0	\N	Roadworthy but needs workshop visit	1	1
396	70	yesno	Trailer Wheels and Tyres	Are the wheels and tyres free from defects?	Are the wheels and tyres free from defects?	Tread nearing legal limit  (2nd Axel offside)	0	0	1	0	1	0	\N	Roadworthy but needs workshop visit	1	1
397	70	yesno	Trailer Wheels and Tyres	Are the wheels and tyres free from defects?	Are the wheels and tyres free from defects?	Tread nearing legal limit  (2nd Axel nearside)	0	0	1	0	1	0	\N	Roadworthy but needs workshop visit	1	1
398	70	yesno	Trailer Wheels and Tyres	Are the wheels and tyres free from defects?	Are the wheels and tyres free from defects?	Tread nearing legal limit  (3rd Axel offside)	0	0	1	0	1	0	\N	Roadworthy but needs workshop visit	1	1
399	70	yesno	Trailer Wheels and Tyres	Are the wheels and tyres free from defects?	Are the wheels and tyres free from defects?	Tread nearing legal limit  (3rd Axel nearside)	0	0	1	0	1	0	\N	Roadworthy but needs workshop visit	1	1
400	70	yesno	Trailer Wheels and Tyres	Are the wheels and tyres free from defects?	Are the wheels and tyres free from defects?	Uneven tread wear (1st Axel offside)	0	0	1	0	1	0	\N	Roadworthy but needs workshop visit	1	1
401	70	yesno	Trailer Wheels and Tyres	Are the wheels and tyres free from defects?	Are the wheels and tyres free from defects?	Uneven tread wear (1st Axel nearside)	0	0	1	0	1	0	\N	Roadworthy but needs workshop visit	1	1
402	70	yesno	Trailer Wheels and Tyres	Are the wheels and tyres free from defects?	Are the wheels and tyres free from defects?	Uneven tread wear (2nd Axel offside)	0	0	1	0	1	0	\N	Roadworthy but needs workshop visit	1	1
403	70	yesno	Trailer Wheels and Tyres	Are the wheels and tyres free from defects?	Are the wheels and tyres free from defects?	Uneven tread wear (2nd Axel nearside)	0	0	1	0	1	0	\N	Roadworthy but needs workshop visit	1	1
404	70	yesno	Trailer Wheels and Tyres	Are the wheels and tyres free from defects?	Are the wheels and tyres free from defects?	Uneven tread wear (3rd Axel offside)	0	0	1	0	1	0	\N	Roadworthy but needs workshop visit	1	1
405	70	yesno	Trailer Wheels and Tyres	Are the wheels and tyres free from defects?	Are the wheels and tyres free from defects?	Uneven tread wear (3rd Axel nearside)	0	0	1	0	1	0	\N	Roadworthy but needs workshop visit	1	1
406	70	yesno	Trailer Wheels and Tyres	Are the wheels and tyres free from defects?	Are the wheels and tyres free from defects?	Wheel nuts loose (1st Axel offside)	0	0	1	0	1	0	\N	Not roadworthy call tyre provider 	1	1
407	70	yesno	Trailer Wheels and Tyres	Are the wheels and tyres free from defects?	Are the wheels and tyres free from defects?	Wheel nuts loose (1st Axel nearside)	0	0	1	0	1	0	\N	Not roadworthy call tyre provider 	1	1
408	70	yesno	Trailer Wheels and Tyres	Are the wheels and tyres free from defects?	Are the wheels and tyres free from defects?	Wheel nuts loose (2nd Axel offside)	0	0	1	0	1	0	\N	Not roadworthy call tyre provider 	1	1
409	70	yesno	Trailer Wheels and Tyres	Are the wheels and tyres free from defects?	Are the wheels and tyres free from defects?	Wheel nuts loose (2nd Axel nearside)	0	0	1	0	1	0	\N	Not roadworthy call tyre provider 	1	1
410	70	yesno	Trailer Wheels and Tyres	Are the wheels and tyres free from defects?	Are the wheels and tyres free from defects?	Wheel nuts loose (3rd Axel offside)	0	0	1	0	1	0	\N	Not roadworthy call tyre provider 	1	1
411	70	yesno	Trailer Wheels and Tyres	Are the wheels and tyres free from defects?	Are the wheels and tyres free from defects?	Wheel nuts loose (3rd Axel nearside)	0	0	1	0	1	0	\N	Not roadworthy call tyre provider 	1	1
412	70	yesno	Trailer Wheels and Tyres	Are the wheels and tyres free from defects?	Are the wheels and tyres free from defects?	Missing wheel nuts  (1st Axel offside)	0	0	1	0	1	0	\N	Not roadworthy call tyre provider 	1	1
413	70	yesno	Trailer Wheels and Tyres	Are the wheels and tyres free from defects?	Are the wheels and tyres free from defects?	Missing wheel nuts  (1st Axel nearside)	0	0	1	0	1	0	\N	Not roadworthy call tyre provider 	1	1
414	70	yesno	Trailer Wheels and Tyres	Are the wheels and tyres free from defects?	Are the wheels and tyres free from defects?	Missing wheel nuts  (2nd Axel offside)	0	0	1	0	1	0	\N	Not roadworthy call tyre provider 	1	1
415	70	yesno	Trailer Wheels and Tyres	Are the wheels and tyres free from defects?	Are the wheels and tyres free from defects?	Missing wheel nuts  (2nd Axel nearside)	0	0	1	0	1	0	\N	Not roadworthy call tyre provider 	1	1
416	70	yesno	Trailer Wheels and Tyres	Are the wheels and tyres free from defects?	Are the wheels and tyres free from defects?	Missing wheel nuts  (3rd Axel offside)	0	0	1	0	1	0	\N	Not roadworthy call tyre provider 	1	1
417	70	yesno	Trailer Wheels and Tyres	Are the wheels and tyres free from defects?	Are the wheels and tyres free from defects?	Missing wheel nuts  (3rd Axel nearside)	0	0	1	0	1	0	\N	Not roadworthy call tyre provider 	1	1
418	70	yesno	Trailer Wheels and Tyres	Are the wheels and tyres free from defects?	Are the wheels and tyres free from defects?	Re-torque required (1st Axel offside)	0	0	0	0	0	0	\N	Not roadworthy call tyre provider 	1	1
419	70	yesno	Trailer Wheels and Tyres	Are the wheels and tyres free from defects?	Are the wheels and tyres free from defects?	Re-torque required (1st Axel nearside)	0	0	0	0	0	0	\N	Not roadworthy call tyre provider 	1	1
420	70	yesno	Trailer Wheels and Tyres	Are the wheels and tyres free from defects?	Are the wheels and tyres free from defects?	Re-torque required (2nd Axel offside)	0	0	0	0	0	0	\N	Not roadworthy call tyre provider 	1	1
421	70	yesno	Trailer Wheels and Tyres	Are the wheels and tyres free from defects?	Are the wheels and tyres free from defects?	Re-torque required (2nd Axel nearside)	0	0	0	0	0	0	\N	Not roadworthy call tyre provider 	1	1
422	70	yesno	Trailer Wheels and Tyres	Are the wheels and tyres free from defects?	Are the wheels and tyres free from defects?	Re-torque required (3rd Axel offside)	0	0	0	0	0	0	\N	Not roadworthy call tyre provider 	1	1
423	70	yesno	Trailer Wheels and Tyres	Are the wheels and tyres free from defects?	Are the wheels and tyres free from defects?	Re-torque required (3rd Axel nearside)	0	0	0	0	0	0	\N	Not roadworthy call tyre provider 	1	1
424	71	yesno	Trailer Wings and Spray - Supression 	Are wings and spray supression free from damage?	Are wings and spray supression free from damage?	Damaged wing (nearside)	0	0	1	0	1	0	\N	Not roadworthy vehicle must be VOR	1	1
425	71	yesno	Trailer Wings and Spray - Supression 	Are wings and spray supression free from damage?	Are wings and spray supression free from damage?	Damaged flaps (nearside)	0	0	1	0	1	0	\N	Not roadworthy vehicle must be VOR	1	1
426	71	yesno	Trailer Wings and Spray - Supression 	Are wings and spray supression free from damage?	Are wings and spray supression free from damage?	Damaged wing (offside)	0	0	1	0	1	0	\N	Not roadworthy vehicle must be VOR	1	1
427	71	yesno	Trailer Wings and Spray - Supression 	Are wings and spray supression free from damage?	Are wings and spray supression free from damage?	Damaged flaps (offside)	0	0	1	0	1	0	\N	Not roadworthy vehicle must be VOR	1	1
428	72	yesno	Trailer Wings and Spray - Underrun Bar 	Is the underrun bar free from defects?	Is the underrun bar free from defects?	Bar damaged	0	0	1	0	1	0	\N	Roadworthy if there are no evident sharp edges	1	1
429	72	yesno	Trailer Wings and Spray - Underrun Bar 	Is the underrun bar free from defects?	Is the underrun bar free from defects?	Bar has sharp edges	0	0	1	0	1	0	\N	Not roadworthy vehicle must be VOR	1	1
430	73	yesno	Trailer Wings and Spray - Sideguard 	Is the sideguard free from defects?	Is the sideguard free from defects?	Sideguard damaged (nearside)	0	0	1	0	1	0	\N	Roadworthy if there are no evident sharp edges	1	1
431	73	yesno	Trailer Wings and Spray - Sideguard 	Is the sideguard free from defects?	Is the sideguard free from defects?	Sideguard insecure (nearside)	0	0	0	0	1	0	\N	Roadworthy if there are no evident sharp edges	1	1
432	73	yesno	Trailer Wings and Spray - Sideguard 	Is the sideguard free from defects?	Is the sideguard free from defects?	Sideguard missing (nearside)	0	0	1	0	1	0	\N	Roadworthy if there are no evident sharp edges	1	1
433	73	yesno	Trailer Wings and Spray - Sideguard 	Is the sideguard free from defects?	Is the sideguard free from defects?	Sideguard damaged (offside)	0	0	1	0	1	0	\N	Roadworthy if there are no evident sharp edges	1	1
434	73	yesno	Trailer Wings and Spray - Sideguard 	Is the sideguard free from defects?	Is the sideguard free from defects?	Sideguard insecure (offside)	0	0	0	0	1	0	\N	Roadworthy if there are no evident sharp edges	1	1
435	73	yesno	Trailer Wings and Spray - Sideguard 	Is the sideguard free from defects?	Is the sideguard free from defects?	Sideguard missing (offside)	0	0	1	0	1	0	\N	Roadworthy if there are no evident sharp edges	1	1
