id	order	type	page_title	app_question	app_question_with_defect	defect	has_not_applicable_option	defect_order	has_image	has_text	is_prohibitional	show_warning	warning_text	safety_notes	for_hgv	for_non-hgv	created_at	updated_at
1	1	yesno	Trailer Coupling and Security - Safety Clip	Is the safety clip in position?	Is the safety clip in position?	Safety clip missing/defective	0	0	0	0	1	0	\N	Go to service centre / ICL Workshop	1	1		
2	2	yesno	Trailer Coupling and Security - 5th Wheel	Is the 5th wheel coupling engaged correctly?	Is the 5th wheel coupling engaged correctly?	Is there excessive movement	0	0	0	0	1	0	\N	Not roadworthy go to service centre / ICL Workshop	1	1		
3	2	yesno	Trailer Coupling and Security - 5th Wheel	Is the 5th wheel coupling engaged correctly?	Is the 5th wheel coupling engaged correctly?	Not secured	0	0	0	0	1	0	\N	Not roadworthy go to service centre / ICL Workshop	1	1		
4	3	yesno	Trailer Coupling and Security - Landing Legs	Are landing legs free from defects?	Are landing legs free from defects?	Landing legs damaged	0	0	1	0	1	0	\N	Not roadworthy go to service centre / ICL Workshop	1	1		
5	3	yesno	Trailer Coupling and Security - Landing Legs	Are landing legs free from defects?	Are landing legs free from defects?	Landing feet damaged	0	0	1	0	1	0	\N	Not roadworthy go to service centre / ICL Workshop	1	1		
6	3	yesno	Trailer Coupling and Security - Landing Legs	Are landing legs free from defects?	Are landing legs free from defects?	Difficult to raise or lower	0	0	0	0	1	0	\N	Go to service centre / ICL Workshop	1	1		
7	4	yesno	Trailer Coupling and Security - Winding Handle	Is the winding handle secure?	Is the winding handle secure?	No missing	0	0	0	0	1	0	\N	Go to service centre / ICL Workshop	1	1		
8	5	yesno	Trailer Electrical Coupling	Is the electrical coupling free from defects?	Is the electrical coupling free from defects?	Coupling damaged	0	0	1	0	1	0	\N	Not roadworthy go to service centre / ICL Workshop	1	1		
9	6	yesno	Trailer Air Coupling	Is the air coupling free from defects?	Is the air coupling free from defects?	Coupling damaged	0	0	1	0	1	0	\N	Not roadworthy go to service centre / ICL Workshop	1	1		
10	7	yesno	Trailer Brakes	Is the parking brake operating correctly?	Is the parking brake operating correctly?	Parking brake faulty/stuck	0	0	0	0	1	0	\N	Not roadworthy vehicle must be VOR	1	1		
11	8	yesno	Trailer Leaks	Is the trailer free from air leaks?	Is the trailer free from air leaks?	Air leak on brake system	0	0	0	0	1	0	\N	Not roadworthy vehicle must be VOR	1	1		
12	8	yesno	Trailer Leaks	Is the trailer free from air leaks?	Is the trailer free from air leaks?	Air leak on valve operation	0	0	0	0	1	0	\N	Not roadworthy vehicle must be VOR	1	1		
13	8	yesno	Trailer Leaks	Is the trailer free from air leaks?	Is the trailer free from air leaks?	Other air leak	0	0	0	0	1	0	\N	Not roadworthy vehicle must be VOR	1	1		
14	9	media_based_on_selection	Trailer Tanker Washout	Has tank been washed out?	Has tank been washed out?	Please attach an image of the certificate	0	0	0	0	1	0	\N	\N	1	1		
15	10	yesno	Trailer Rear Lights 	Are all the rear lights free from defects?	Are all the rear lights free from defects?	Rear light cracked (nearside)	0	0	1	0	1	0	\N	Not roadworthy go to service centre / ICL Workshop	1	1		
16	10	yesno	Trailer Rear Lights 	Are all the rear lights free from defects?	Are all the rear lights free from defects?	Rear light damaged (nearside)	0	0	1	0	1	0	\N	Not roadworthy go to service centre / ICL Workshop	1	1		
17	10	yesno	Trailer Rear Lights 	Are all the rear lights free from defects?	Are all the rear lights free from defects?	Rear light not working (nearside)	0	0	1	0	1	0	\N	Not roadworthy go to service centre / ICL Workshop	1	1		
18	10	yesno	Trailer Rear Lights 	Are all the rear lights free from defects?	Are all the rear lights free from defects?	Rear light cracked (offside)	0	0	1	0	1	0	\N	Not roadworthy go to service centre / ICL Workshop	1	1		
19	10	yesno	Trailer Rear Lights 	Are all the rear lights free from defects?	Are all the rear lights free from defects?	Rear light damaged (offside)	0	0	1	0	1	0	\N	Not roadworthy go to service centre / ICL Workshop	1	1		
20	10	yesno	Trailer Rear Lights 	Are all the rear lights free from defects?	Are all the rear lights free from defects?	Rear light not working (offside)	0	0	1	0	1	0	\N	Not roadworthy go to service centre / ICL Workshop	1	1		
21	11	yesno	Trailer Brake Lights	Are all the brake lights free from defects?	Are all the brake lights free from defects?	Brake light cracked (nearside)	0	0	1	0	1	0	\N	Not roadworthy go to service centre / ICL Workshop	1	1		
22	11	yesno	Trailer Brake Lights	Are all the brake lights free from defects?	Are all the brake lights free from defects?	Brake light damaged (nearside)	0	0	1	0	1	0	\N	Not roadworthy go to service centre / ICL Workshop	1	1		
23	11	yesno	Trailer Brake Lights	Are all the brake lights free from defects?	Are all the brake lights free from defects?	Brake light not working (nearside)	0	0	1	0	1	0	\N	Not roadworthy go to service centre / ICL Workshop	1	1		
24	11	yesno	Trailer Brake Lights	Are all the brake lights free from defects?	Are all the brake lights free from defects?	Brake light cracked (offside)	0	0	1	0	1	0	\N	Not roadworthy go to service centre / ICL Workshop	1	1		
25	11	yesno	Trailer Brake Lights	Are all the brake lights free from defects?	Are all the brake lights free from defects?	Brake light damaged (offside)	0	0	1	0	1	0	\N	Not roadworthy go to service centre / ICL Workshop	1	1		
26	11	yesno	Trailer Brake Lights	Are all the brake lights free from defects?	Are all the brake lights free from defects?	Brake light not working (offside)	0	0	1	0	1	0	\N	Not roadworthy go to service centre / ICL Workshop	1	1		
27	12	yesno	Trailer Reversing Lights	Are all the reversing lights free from defects?	Are all the reversing lights free from defects?	Reversing light cracked (nearside)	0	0	1	0	1	0	\N	Not roadworthy go to service centre / ICL Workshop	1	1		
28	12	yesno	Trailer Reversing Lights	Are all the reversing lights free from defects?	Are all the reversing lights free from defects?	Reversing light damaged (nearside)	0	0	1	0	1	0	\N	Not roadworthy go to service centre / ICL Workshop	1	1		
29	12	yesno	Trailer Reversing Lights	Are all the reversing lights free from defects?	Are all the reversing lights free from defects?	Reversing light not working (nearside)	0	0	1	0	1	0	\N	Not roadworthy go to service centre / ICL Workshop	1	1		
30	12	yesno	Trailer Reversing Lights	Are all the reversing lights free from defects?	Are all the reversing lights free from defects?	Reversing light cracked (offside)	0	0	1	0	1	0	\N	Not roadworthy go to service centre / ICL Workshop	1	1		
31	12	yesno	Trailer Reversing Lights	Are all the reversing lights free from defects?	Are all the reversing lights free from defects?	Reversing light damaged (offside)	0	0	1	0	1	0	\N	Not roadworthy go to service centre / ICL Workshop	1	1		
32	12	yesno	Trailer Reversing Lights	Are all the reversing lights free from defects?	Are all the reversing lights free from defects?	Reversing light not working (offside)	0	0	1	0	1	0	\N	Not roadworthy go to service centre / ICL Workshop	1	1		
33	13	yesno	Trailer Fog Lights	Are all the fog lights free from defects?	Are all the fog lights free from defects?	Fog light cracked (nearside)	0	0	1	0	1	0	\N	Not roadworthy go to service centre / ICL Workshop	1	1		
34	13	yesno	Trailer Fog Lights	Are all the fog lights free from defects?	Are all the fog lights free from defects?	Fog light damaged (nearside)	0	0	1	0	1	0	\N	Not roadworthy go to service centre / ICL Workshop	1	1		
35	13	yesno	Trailer Fog Lights	Are all the fog lights free from defects?	Are all the fog lights free from defects?	Fog light not working (nearside)	0	0	1	0	1	0	\N	Not roadworthy go to service centre / ICL Workshop	1	1		
36	13	yesno	Trailer Fog Lights	Are all the fog lights free from defects?	Are all the fog lights free from defects?	Fog light cracked (offside)	0	0	1	0	1	0	\N	Not roadworthy go to service centre / ICL Workshop	1	1		
37	13	yesno	Trailer Fog Lights	Are all the fog lights free from defects?	Are all the fog lights free from defects?	Fog light damaged (offside)	0	0	1	0	1	0	\N	Not roadworthy go to service centre / ICL Workshop	1	1		
38	13	yesno	Trailer Fog Lights	Are all the fog lights free from defects?	Are all the fog lights free from defects?	Fog light not working (offside)	0	0	1	0	1	0	\N	Not roadworthy go to service centre / ICL Workshop	1	1		
39	14	yesno	Trailer Marker Lights	Are all the marker lights free from defects?	Are all the marker lights free from defects?	Marker lights cracked (nearside)	0	0	1	0	1	0	\N	Not roadworthy go to service centre / ICL Workshop	1	1		
40	14	yesno	Trailer Marker Lights	Are all the marker lights free from defects?	Are all the marker lights free from defects?	Marker lights damaged (nearside)	0	0	1	0	1	0	\N	Not roadworthy go to service centre / ICL Workshop	1	1		
41	14	yesno	Trailer Marker Lights	Are all the marker lights free from defects?	Are all the marker lights free from defects?	Marker lights not working (nearside)	0	0	1	0	1	0	\N	Not roadworthy go to service centre / ICL Workshop	1	1		
42	14	yesno	Trailer Marker Lights	Are all the marker lights free from defects?	Are all the marker lights free from defects?	Marker lights cracked (offside)	0	0	1	0	1	0	\N	Not roadworthy go to service centre / ICL Workshop	1	1		
43	14	yesno	Trailer Marker Lights	Are all the marker lights free from defects?	Are all the marker lights free from defects?	Marker lights damaged (offside)	0	0	1	0	1	0	\N	Not roadworthy go to service centre / ICL Workshop	1	1		
44	14	yesno	Trailer Marker Lights	Are all the marker lights free from defects?	Are all the marker lights free from defects?	Marker lights not working (offside)	0	0	1	0	1	0	\N	Not roadworthy go to service centre / ICL Workshop	1	1		
45	15	yesno	Trailer Reflectors	Are all the reflectors free from defects?	Are all the reflectors free from defects?	Reflectors cracked (nearside)	0	0	1	0	1	0	\N	Not roadworthy go to service centre / ICL Workshop	1	1		
46	15	yesno	Trailer Reflectors	Are all the reflectors free from defects?	Are all the reflectors free from defects?	Reflectors damaged (nearside)	0	0	1	0	1	0	\N	Not roadworthy go to service centre / ICL Workshop	1	1		
47	15	yesno	Trailer Reflectors	Are all the reflectors free from defects?	Are all the reflectors free from defects?	Reflectors cracked (offside)	0	0	1	0	1	0	\N	Not roadworthy go to service centre / ICL Workshop	1	1		
48	15	yesno	Trailer Reflectors	Are all the reflectors free from defects?	Are all the reflectors free from defects?	Reflectors damaged (offside)	0	0	1	0	1	0	\N	Not roadworthy go to service centre / ICL Workshop	1	1		
49	16	yesno	Trailer Number Plate Lights	Are all the number plate lights free from defects?	Are all the number plate lights free from defects?	Number plate light cracked (nearside)	0	0	1	0	1	0	\N	Not roadworthy go to service centre / ICL Workshop	1	1		
50	16	yesno	Trailer Number Plate Lights	Are all the number plate lights free from defects?	Are all the number plate lights free from defects?	Number plate light damaged (nearside)	0	0	1	0	1	0	\N	Not roadworthy go to service centre / ICL Workshop	1	1		
51	16	yesno	Trailer Number Plate Lights	Are all the number plate lights free from defects?	Are all the number plate lights free from defects?	Number plate light not working (nearside)	0	0	1	0	1	0	\N	Not roadworthy go to service centre / ICL Workshop	1	1		
52	16	yesno	Trailer Number Plate Lights	Are all the number plate lights free from defects?	Are all the number plate lights free from defects?	Number plate light cracked (offside)	0	0	1	0	1	0	\N	Not roadworthy go to service centre / ICL Workshop	1	1		
53	16	yesno	Trailer Number Plate Lights	Are all the number plate lights free from defects?	Are all the number plate lights free from defects?	Number plate light damaged (offside)	0	0	1	0	1	0	\N	Not roadworthy go to service centre / ICL Workshop	1	1		
54	16	yesno	Trailer Number Plate Lights	Are all the number plate lights free from defects?	Are all the number plate lights free from defects?	Number plate light not working (offside)	0	0	1	0	1	0	\N	Not roadworthy go to service centre / ICL Workshop	1	1		
55	17	yesno	Trailer Indicators and Hazard	Are all trailer indicator and hazard lights free from defects?	Are all trailer indicator and hazard lights free from defects?	Indicator light cracked (nearside)	0	0	1	0	1	0	\N	Not roadworthy go to service centre / ICL Workshop	1	1		
56	17	yesno	Trailer Indicators and Hazard	Are all trailer indicator and hazard lights free from defects?	Are all trailer indicator and hazard lights free from defects?	Indicator light damaged (nearside)	0	0	1	0	1	0	\N	Not roadworthy go to service centre / ICL Workshop	1	1		
57	17	yesno	Trailer Indicators and Hazard	Are all trailer indicator and hazard lights free from defects?	Are all trailer indicator and hazard lights free from defects?	Indicator light not working (nearside)	0	0	1	0	1	0	\N	Not roadworthy go to service centre / ICL Workshop	1	1		
58	17	yesno	Trailer Indicators and Hazard	Are all trailer indicator and hazard lights free from defects?	Are all trailer indicator and hazard lights free from defects?	Indicator light cracked (offside)	0	0	1	0	1	0	\N	Not roadworthy go to service centre / ICL Workshop	1	1		
59	17	yesno	Trailer Indicators and Hazard	Are all trailer indicator and hazard lights free from defects?	Are all trailer indicator and hazard lights free from defects?	Indicator light damaged (offside)	0	0	1	0	1	0	\N	Not roadworthy go to service centre / ICL Workshop	1	1		
60	17	yesno	Trailer Indicators and Hazard	Are all trailer indicator and hazard lights free from defects?	Are all trailer indicator and hazard lights free from defects?	Indicator light not working (offside)	0	0	1	0	1	0	\N	Not roadworthy go to service centre / ICL Workshop	1	1		
61	17	yesno	Trailer Indicators and Hazard	Are all trailer indicator and hazard lights free from defects?	Are all trailer indicator and hazard lights free from defects?	Hazard light cracked (nearside)	0	0	1	0	1	0	\N	Not roadworthy go to service centre / ICL Workshop	1	1		
62	17	yesno	Trailer Indicators and Hazard	Are all trailer indicator and hazard lights free from defects?	Are all trailer indicator and hazard lights free from defects?	Hazard light damaged (nearside)	0	0	1	0	1	0	\N	Not roadworthy go to service centre / ICL Workshop	1	1		
63	17	yesno	Trailer Indicators and Hazard	Are all trailer indicator and hazard lights free from defects?	Are all trailer indicator and hazard lights free from defects?	Hazard light not working (nearside)	0	0	1	0	1	0	\N	Not roadworthy go to service centre / ICL Workshop	1	1		
64	17	yesno	Trailer Indicators and Hazard	Are all trailer indicator and hazard lights free from defects?	Are all trailer indicator and hazard lights free from defects?	Hazard light cracked (offside)	0	0	1	0	1	0	\N	Not roadworthy go to service centre / ICL Workshop	1	1		
65	17	yesno	Trailer Indicators and Hazard	Are all trailer indicator and hazard lights free from defects?	Are all trailer indicator and hazard lights free from defects?	Hazard light damaged (offside)	0	0	1	0	1	0	\N	Not roadworthy go to service centre / ICL Workshop	1	1		
66	17	yesno	Trailer Indicators and Hazard	Are all trailer indicator and hazard lights free from defects?	Are all trailer indicator and hazard lights free from defects?	Hazard light not working (offside)	0	0	1	0	1	0	\N	Not roadworthy go to service centre / ICL Workshop	1	1		
67	18	yesno	Trailer Wheels and Tyres	Are the wheels and tyres free from defects?	Are the wheels and tyres free from defects?	Under inflated (1st Axel offside)	0	0	1	0	1	0	\N	Not roadworthy call tyre company in handbook to rectify 	1	1		
68	18	yesno	Trailer Wheels and Tyres	Are the wheels and tyres free from defects?	Are the wheels and tyres free from defects?	Under inflated (1st Axel nearside)	0	0	1	0	1	0	\N	Not roadworthy call tyre company in handbook to rectify 	1	1		
69	18	yesno	Trailer Wheels and Tyres	Are the wheels and tyres free from defects?	Are the wheels and tyres free from defects?	Under inflated (2nd Axel offside)	0	0	1	0	1	0	\N	Not roadworthy call tyre company in handbook to rectify 	1	1		
70	18	yesno	Trailer Wheels and Tyres	Are the wheels and tyres free from defects?	Are the wheels and tyres free from defects?	Under inflated (2nd Axel nearside)	0	0	1	0	1	0	\N	Not roadworthy call tyre company in handbook to rectify 	1	1		
71	18	yesno	Trailer Wheels and Tyres	Are the wheels and tyres free from defects?	Are the wheels and tyres free from defects?	Under inflated (3rd Axel offside)	0	0	1	0	1	0	\N	Not roadworthy call tyre company in handbook to rectify 	1	1		
72	18	yesno	Trailer Wheels and Tyres	Are the wheels and tyres free from defects?	Are the wheels and tyres free from defects?	Under inflated (3rd Axel nearside)	0	0	1	0	1	0	\N	Not roadworthy call tyre company in handbook to rectify 	1	1		
73	18	yesno	Trailer Wheels and Tyres	Are the wheels and tyres free from defects?	Are the wheels and tyres free from defects?	Puncture (1st Axel offside)	0	0	1	0	1	0	\N	Not roadworthy call tyre company in handbook to rectify 	1	1		
74	18	yesno	Trailer Wheels and Tyres	Are the wheels and tyres free from defects?	Are the wheels and tyres free from defects?	Puncture (1st Axel nearside)	0	0	1	0	1	0	\N	Not roadworthy call tyre company in handbook to rectify 	1	1		
75	18	yesno	Trailer Wheels and Tyres	Are the wheels and tyres free from defects?	Are the wheels and tyres free from defects?	Puncture (2nd Axel offside)	0	0	1	0	1	0	\N	Not roadworthy call tyre company in handbook to rectify 	1	1		
76	18	yesno	Trailer Wheels and Tyres	Are the wheels and tyres free from defects?	Are the wheels and tyres free from defects?	Puncture (2nd Axel nearside)	0	0	1	0	1	0	\N	Not roadworthy call tyre company in handbook to rectify 	1	1		
77	18	yesno	Trailer Wheels and Tyres	Are the wheels and tyres free from defects?	Are the wheels and tyres free from defects?	Puncture (3rd Axel offside)	0	0	1	0	1	0	\N	Not roadworthy call tyre company in handbook to rectify 	1	1		
78	18	yesno	Trailer Wheels and Tyres	Are the wheels and tyres free from defects?	Are the wheels and tyres free from defects?	Puncture (3rd Axel nearside)	0	0	1	0	1	0	\N	Not roadworthy call tyre company in handbook to rectify 	1	1		
79	18	yesno	Trailer Wheels and Tyres	Are the wheels and tyres free from defects?	Are the wheels and tyres free from defects?	Cords visible (1st Axel offside)	0	0	1	0	1	0	\N	Not roadworthy call tyre company in handbook to rectify 	1	1		
80	18	yesno	Trailer Wheels and Tyres	Are the wheels and tyres free from defects?	Are the wheels and tyres free from defects?	Cords visible (1st Axel nearside)	0	0	1	0	1	0	\N	Not roadworthy call tyre company in handbook to rectify 	1	1		
81	18	yesno	Trailer Wheels and Tyres	Are the wheels and tyres free from defects?	Are the wheels and tyres free from defects?	Cords visible (2nd Axel offside)	0	0	1	0	1	0	\N	Not roadworthy call tyre company in handbook to rectify 	1	1		
82	18	yesno	Trailer Wheels and Tyres	Are the wheels and tyres free from defects?	Are the wheels and tyres free from defects?	Cords visible (2nd Axel nearside)	0	0	1	0	1	0	\N	Not roadworthy call tyre company in handbook to rectify 	1	1		
83	18	yesno	Trailer Wheels and Tyres	Are the wheels and tyres free from defects?	Are the wheels and tyres free from defects?	Cords visible (3rd Axel offside)	0	0	1	0	1	0	\N	Not roadworthy call tyre company in handbook to rectify 	1	1		
84	18	yesno	Trailer Wheels and Tyres	Are the wheels and tyres free from defects?	Are the wheels and tyres free from defects?	Cords visible (3rd Axel nearside)	0	0	1	0	1	0	\N	Not roadworthy call tyre company in handbook to rectify 	1	1		
85	18	yesno	Trailer Wheels and Tyres	Are the wheels and tyres free from defects?	Are the wheels and tyres free from defects?	Cuts to tread (1st Axel offside)	0	0	1	0	1	0	\N	Not roadworthy call tyre company in handbook to rectify 	1	1		
86	18	yesno	Trailer Wheels and Tyres	Are the wheels and tyres free from defects?	Are the wheels and tyres free from defects?	Cuts to tread (1st Axel nearside)	0	0	1	0	1	0	\N	Not roadworthy call tyre company in handbook to rectify 	1	1		
87	18	yesno	Trailer Wheels and Tyres	Are the wheels and tyres free from defects?	Are the wheels and tyres free from defects?	Cuts to tread (2nd Axel offside)	0	0	1	0	1	0	\N	Not roadworthy call tyre company in handbook to rectify 	1	1		
88	18	yesno	Trailer Wheels and Tyres	Are the wheels and tyres free from defects?	Are the wheels and tyres free from defects?	Cuts to tread (2nd Axel nearside)	0	0	1	0	1	0	\N	Not roadworthy call tyre company in handbook to rectify 	1	1		
89	18	yesno	Trailer Wheels and Tyres	Are the wheels and tyres free from defects?	Are the wheels and tyres free from defects?	Cuts to tread (3rd Axel offside)	0	0	1	0	1	0	\N	Not roadworthy call tyre company in handbook to rectify 	1	1		
90	18	yesno	Trailer Wheels and Tyres	Are the wheels and tyres free from defects?	Are the wheels and tyres free from defects?	Cuts to tread (3rd Axel nearside)	0	0	1	0	1	0	\N	Not roadworthy call tyre company in handbook to rectify 	1	1		
91	18	yesno	Trailer Wheels and Tyres	Are the wheels and tyres free from defects?	Are the wheels and tyres free from defects?	Side wall damage (1st Axel offside)	0	0	1	0	1	0	\N	Not roadworthy call tyre company in handbook to rectify 	1	1		
92	18	yesno	Trailer Wheels and Tyres	Are the wheels and tyres free from defects?	Are the wheels and tyres free from defects?	Side wall damage (1st Axel nearside)	0	0	1	0	1	0	\N	Not roadworthy call tyre company in handbook to rectify 	1	1		
93	18	yesno	Trailer Wheels and Tyres	Are the wheels and tyres free from defects?	Are the wheels and tyres free from defects?	Side wall damage (2nd Axel offside)	0	0	1	0	1	0	\N	Not roadworthy call tyre company in handbook to rectify 	1	1		
94	18	yesno	Trailer Wheels and Tyres	Are the wheels and tyres free from defects?	Are the wheels and tyres free from defects?	Side wall damage (2nd Axel nearside)	0	0	1	0	1	0	\N	Not roadworthy call tyre company in handbook to rectify 	1	1		
95	18	yesno	Trailer Wheels and Tyres	Are the wheels and tyres free from defects?	Are the wheels and tyres free from defects?	Side wall damage (3rd Axel offside)	0	0	1	0	1	0	\N	Not roadworthy call tyre company in handbook to rectify 	1	1		
96	18	yesno	Trailer Wheels and Tyres	Are the wheels and tyres free from defects?	Are the wheels and tyres free from defects?	Side wall damage (3rd Axel nearside)	0	0	1	0	1	0	\N	Not roadworthy call tyre company in handbook to rectify 	1	1		
97	18	yesno	Trailer Wheels and Tyres	Are the wheels and tyres free from defects?	Are the wheels and tyres free from defects?	Tread below legal limit (1st Axel offside)	0	0	1	0	1	0	\N	Not roadworthy call tyre company in handbook to rectify 	1	1		
98	18	yesno	Trailer Wheels and Tyres	Are the wheels and tyres free from defects?	Are the wheels and tyres free from defects?	Tread below legal limit (1st Axel nearside)	0	0	1	0	1	0	\N	Not roadworthy call tyre company in handbook to rectify 	1	1		
99	18	yesno	Trailer Wheels and Tyres	Are the wheels and tyres free from defects?	Are the wheels and tyres free from defects?	Tread below legal limit (2nd Axel offside)	0	0	1	0	1	0	\N	Not roadworthy call tyre company in handbook to rectify 	1	1		
100	18	yesno	Trailer Wheels and Tyres	Are the wheels and tyres free from defects?	Are the wheels and tyres free from defects?	Tread below legal limit (2nd Axel nearside)	0	0	1	0	1	0	\N	Not roadworthy call tyre company in handbook to rectify 	1	1		
101	18	yesno	Trailer Wheels and Tyres	Are the wheels and tyres free from defects?	Are the wheels and tyres free from defects?	Tread below legal limit (3rd Axel offside)	0	0	1	0	1	0	\N	Not roadworthy call tyre company in handbook to rectify 	1	1		
102	18	yesno	Trailer Wheels and Tyres	Are the wheels and tyres free from defects?	Are the wheels and tyres free from defects?	Tread below legal limit (3rd Axel nearside)	0	0	1	0	1	0	\N	Not roadworthy call tyre company in handbook to rectify 	1	1		
103	18	yesno	Trailer Wheels and Tyres	Are the wheels and tyres free from defects?	Are the wheels and tyres free from defects?	Tread nearing legal limit  (1st Axel offside)	0	0	1	0	1	0	\N	Not roadworthy call tyre company in handbook to rectify 	1	1		
104	18	yesno	Trailer Wheels and Tyres	Are the wheels and tyres free from defects?	Are the wheels and tyres free from defects?	Tread nearing legal limit  (1st Axel nearside)	0	0	1	0	1	0	\N	Not roadworthy call tyre company in handbook to rectify 	1	1		
105	18	yesno	Trailer Wheels and Tyres	Are the wheels and tyres free from defects?	Are the wheels and tyres free from defects?	Tread nearing legal limit  (2nd Axel offside)	0	0	1	0	1	0	\N	Not roadworthy call tyre company in handbook to rectify 	1	1		
106	18	yesno	Trailer Wheels and Tyres	Are the wheels and tyres free from defects?	Are the wheels and tyres free from defects?	Tread nearing legal limit  (2nd Axel nearside)	0	0	1	0	1	0	\N	Not roadworthy call tyre company in handbook to rectify 	1	1		
107	18	yesno	Trailer Wheels and Tyres	Are the wheels and tyres free from defects?	Are the wheels and tyres free from defects?	Tread nearing legal limit  (3rd Axel offside)	0	0	1	0	1	0	\N	Not roadworthy call tyre company in handbook to rectify 	1	1		
108	18	yesno	Trailer Wheels and Tyres	Are the wheels and tyres free from defects?	Are the wheels and tyres free from defects?	Tread nearing legal limit  (3rd Axel nearside)	0	0	1	0	1	0	\N	Not roadworthy call tyre company in handbook to rectify 	1	1		
109	18	yesno	Trailer Wheels and Tyres	Are the wheels and tyres free from defects?	Are the wheels and tyres free from defects?	Uneven tread wear (1st Axel offside)	0	0	1	0	1	0	\N	Not roadworthy call tyre company in handbook to rectify 	1	1		
110	18	yesno	Trailer Wheels and Tyres	Are the wheels and tyres free from defects?	Are the wheels and tyres free from defects?	Uneven tread wear (1st Axel nearside)	0	0	1	0	1	0	\N	Not roadworthy call tyre company in handbook to rectify 	1	1		
111	18	yesno	Trailer Wheels and Tyres	Are the wheels and tyres free from defects?	Are the wheels and tyres free from defects?	Uneven tread wear (2nd Axel offside)	0	0	1	0	1	0	\N	Not roadworthy call tyre company in handbook to rectify 	1	1		
112	18	yesno	Trailer Wheels and Tyres	Are the wheels and tyres free from defects?	Are the wheels and tyres free from defects?	Uneven tread wear (2nd Axel nearside)	0	0	1	0	1	0	\N	Not roadworthy call tyre company in handbook to rectify 	1	1		
113	18	yesno	Trailer Wheels and Tyres	Are the wheels and tyres free from defects?	Are the wheels and tyres free from defects?	Uneven tread wear (3rd Axel offside)	0	0	1	0	1	0	\N	Not roadworthy call tyre company in handbook to rectify 	1	1		
114	18	yesno	Trailer Wheels and Tyres	Are the wheels and tyres free from defects?	Are the wheels and tyres free from defects?	Uneven tread wear (3rd Axel nearside)	0	0	1	0	1	0	\N	Not roadworthy call tyre company in handbook to rectify 	1	1		
115	18	yesno	Trailer Wheels and Tyres	Are the wheels and tyres free from defects?	Are the wheels and tyres free from defects?	Wheel nuts loose (1st Axel offside)	0	0	1	0	1	0	\N	Not roadworthy call tyre company in handbook to rectify 	1	1		
116	18	yesno	Trailer Wheels and Tyres	Are the wheels and tyres free from defects?	Are the wheels and tyres free from defects?	Wheel nuts loose (1st Axel nearside)	0	0	1	0	1	0	\N	Not roadworthy call tyre company in handbook to rectify 	1	1		
117	18	yesno	Trailer Wheels and Tyres	Are the wheels and tyres free from defects?	Are the wheels and tyres free from defects?	Wheel nuts loose (2nd Axel offside)	0	0	1	0	1	0	\N	Not roadworthy call tyre company in handbook to rectify 	1	1		
118	18	yesno	Trailer Wheels and Tyres	Are the wheels and tyres free from defects?	Are the wheels and tyres free from defects?	Wheel nuts loose (2nd Axel nearside)	0	0	1	0	1	0	\N	Not roadworthy call tyre company in handbook to rectify 	1	1		
119	18	yesno	Trailer Wheels and Tyres	Are the wheels and tyres free from defects?	Are the wheels and tyres free from defects?	Wheel nuts loose (3rd Axel offside)	0	0	1	0	1	0	\N	Not roadworthy call tyre company in handbook to rectify 	1	1		
120	18	yesno	Trailer Wheels and Tyres	Are the wheels and tyres free from defects?	Are the wheels and tyres free from defects?	Wheel nuts loose (3rd Axel nearside)	0	0	1	0	1	0	\N	Not roadworthy call tyre company in handbook to rectify 	1	1		
121	18	yesno	Trailer Wheels and Tyres	Are the wheels and tyres free from defects?	Are the wheels and tyres free from defects?	Missing wheel nuts  (1st Axel offside)	0	0	1	0	1	0	\N	Not roadworthy call tyre company in handbook to rectify 	1	1		
122	18	yesno	Trailer Wheels and Tyres	Are the wheels and tyres free from defects?	Are the wheels and tyres free from defects?	Missing wheel nuts  (1st Axel nearside)	0	0	1	0	1	0	\N	Not roadworthy call tyre company in handbook to rectify 	1	1		
123	18	yesno	Trailer Wheels and Tyres	Are the wheels and tyres free from defects?	Are the wheels and tyres free from defects?	Missing wheel nuts  (2nd Axel offside)	0	0	1	0	1	0	\N	Not roadworthy call tyre company in handbook to rectify 	1	1		
124	18	yesno	Trailer Wheels and Tyres	Are the wheels and tyres free from defects?	Are the wheels and tyres free from defects?	Missing wheel nuts  (2nd Axel nearside)	0	0	1	0	1	0	\N	Not roadworthy call tyre company in handbook to rectify 	1	1		
125	18	yesno	Trailer Wheels and Tyres	Are the wheels and tyres free from defects?	Are the wheels and tyres free from defects?	Missing wheel nuts  (3rd Axel offside)	0	0	1	0	1	0	\N	Not roadworthy call tyre company in handbook to rectify 	1	1		
126	18	yesno	Trailer Wheels and Tyres	Are the wheels and tyres free from defects?	Are the wheels and tyres free from defects?	Missing wheel nuts  (3rd Axel nearside)	0	0	1	0	1	0	\N	Not roadworthy call tyre company in handbook to rectify 	1	1		
127	18	yesno	Trailer Wheels and Tyres	Are the wheels and tyres free from defects?	Are the wheels and tyres free from defects?	Re-torque required (1st Axel offside)	0	0	0	0	1	0	\N	Call tyre company in handbook to get Re-torque	1	1		
128	18	yesno	Trailer Wheels and Tyres	Are the wheels and tyres free from defects?	Are the wheels and tyres free from defects?	Re-torque required (1st Axel nearside)	0	0	0	0	1	0	\N	Call tyre company in handbook to get Re-torque	1	1		
129	18	yesno	Trailer Wheels and Tyres	Are the wheels and tyres free from defects?	Are the wheels and tyres free from defects?	Re-torque required (2nd Axel offside)	0	0	0	0	1	0	\N	Call tyre company in handbook to get Re-torque	1	1		
130	18	yesno	Trailer Wheels and Tyres	Are the wheels and tyres free from defects?	Are the wheels and tyres free from defects?	Re-torque required (2nd Axel nearside)	0	0	0	0	1	0	\N	Call tyre company in handbook to get Re-torque	1	1		
131	18	yesno	Trailer Wheels and Tyres	Are the wheels and tyres free from defects?	Are the wheels and tyres free from defects?	Re-torque required (3rd Axel offside)	0	0	0	0	1	0	\N	Call tyre company in handbook to get Re-torque	1	1		
132	18	yesno	Trailer Wheels and Tyres	Are the wheels and tyres free from defects?	Are the wheels and tyres free from defects?	Re-torque required (3rd Axel nearside)	0	0	0	0	1	0	\N	Call tyre company in handbook to get Re-torque	1	1		
133	18	yesno	Trailer Wheels and Tyres	Are the wheels and tyres free from defects?	Are the wheels and tyres free from defects?	Wheel nut indicators missing (1st Axel offside)	0	0	1	0	1	0	\N	Go to service centre / ICL Workshop	1	1		
134	18	yesno	Trailer Wheels and Tyres	Are the wheels and tyres free from defects?	Are the wheels and tyres free from defects?	Wheel nut indicators missing (1st Axel nearside)	0	0	1	0	1	0	\N	Go to service centre / ICL Workshop	1	1		
135	18	yesno	Trailer Wheels and Tyres	Are the wheels and tyres free from defects?	Are the wheels and tyres free from defects?	Wheel nut indicators missing (2nd Axel offside)	0	0	1	0	1	0	\N	Go to service centre / ICL Workshop	1	1		
136	18	yesno	Trailer Wheels and Tyres	Are the wheels and tyres free from defects?	Are the wheels and tyres free from defects?	Wheel nut indicators missing (2nd Axel nearside)	0	0	1	0	1	0	\N	Go to service centre / ICL Workshop	1	1		
137	18	yesno	Trailer Wheels and Tyres	Are the wheels and tyres free from defects?	Are the wheels and tyres free from defects?	Wheel nut indicators missing (3rd Axel offside)	0	0	1	0	1	0	\N	Go to service centre / ICL Workshop	1	1		
138	18	yesno	Trailer Wheels and Tyres	Are the wheels and tyres free from defects?	Are the wheels and tyres free from defects?	Wheel nut indicators missing (3rd Axel nearside)	0	0	1	0	1	0	\N	Go to service centre / ICL Workshop	1	1		
139	18	yesno	Trailer Wheels and Tyres	Are the wheels and tyres free from defects?	Are the wheels and tyres free from defects?	Wheel nut indicators not aligned (1st Axel offside)	0	0	1	0	1	0	\N	Go to service centre / ICL Workshop	1	1		
140	18	yesno	Trailer Wheels and Tyres	Are the wheels and tyres free from defects?	Are the wheels and tyres free from defects?	Wheel nut indicators not aligned (1st Axel nearside)	0	0	1	0	1	0	\N	Go to service centre / ICL Workshop	1	1		
141	18	yesno	Trailer Wheels and Tyres	Are the wheels and tyres free from defects?	Are the wheels and tyres free from defects?	Wheel nut indicators not aligned (2nd Axel offside)	0	0	1	0	1	0	\N	Go to service centre / ICL Workshop	1	1		
142	18	yesno	Trailer Wheels and Tyres	Are the wheels and tyres free from defects?	Are the wheels and tyres free from defects?	Wheel nut indicators not aligned (2nd Axel nearside)	0	0	1	0	1	0	\N	Go to service centre / ICL Workshop	1	1		
143	18	yesno	Trailer Wheels and Tyres	Are the wheels and tyres free from defects?	Are the wheels and tyres free from defects?	Wheel nut indicators not aligned (3rd Axel offside)	0	0	1	0	1	0	\N	Go to service centre / ICL Workshop	1	1		
144	18	yesno	Trailer Wheels and Tyres	Are the wheels and tyres free from defects?	Are the wheels and tyres free from defects?	Wheel nut indicators not aligned (3rd Axel nearside)	0	0	1	0	1	0	\N	Go to service centre / ICL Workshop	1	1		
145	19	yesno	Trailer Wings and Spray - Supression 	Are wings and spray supression free from damage?	Are wings and spray supression free from damage?	Damaged wing (nearside)	0	0	1	0	1	0	\N	Not roadworthy go to service centre / ICL Workshop	1	1		
146	19	yesno	Trailer Wings and Spray - Supression 	Are wings and spray supression free from damage?	Are wings and spray supression free from damage?	Damaged flaps (nearside)	0	0	1	0	1	0	\N	Not roadworthy go to service centre / ICL Workshop	1	1		
147	19	yesno	Trailer Wings and Spray - Supression 	Are wings and spray supression free from damage?	Are wings and spray supression free from damage?	Damaged wing (offside)	0	0	1	0	1	0	\N	Not roadworthy go to service centre / ICL Workshop	1	1		
148	19	yesno	Trailer Wings and Spray - Supression 	Are wings and spray supression free from damage?	Are wings and spray supression free from damage?	Damaged flaps (offside)	0	0	1	0	1	0	\N	Not roadworthy go to service centre / ICL Workshop	1	1		
149	20	yesno	Trailer Wings and Spray - Underrun Bar 	Is the underrun bar free from defects?	Is the underrun bar free from defects?	Bar damaged	0	0	1	0	1	0	\N	Not roadworthy go to service centre / ICL Workshop	1	1		
150	20	yesno	Trailer Wings and Spray - Underrun Bar 	Is the underrun bar free from defects?	Is the underrun bar free from defects?	Bar has sharp edges	0	0	1	0	1	0	\N	Not roadworthy go to service centre / ICL Workshop	1	1		
151	21	yesno	Trailer Wings and Spray - Sideguard 	Is the sideguard free from defects?	Is the sideguard free from defects?	Sideguard damaged (nearside)	0	0	1	0	1	0	\N	Not roadworthy go to service centre / ICL Workshop	1	1		
152	21	yesno	Trailer Wings and Spray - Sideguard 	Is the sideguard free from defects?	Is the sideguard free from defects?	Sideguard insecure (nearside)	0	0	0	0	1	0	\N	Not roadworthy go to service centre / ICL Workshop	1	1		
153	21	yesno	Trailer Wings and Spray - Sideguard 	Is the sideguard free from defects?	Is the sideguard free from defects?	Sideguard missing (nearside)	0	0	1	0	1	0	\N	Not roadworthy go to service centre / ICL Workshop	1	1		
154	21	yesno	Trailer Wings and Spray - Sideguard 	Is the sideguard free from defects?	Is the sideguard free from defects?	Sideguard damaged (offside)	0	0	1	0	1	0	\N	Not roadworthy go to service centre / ICL Workshop	1	1		
155	21	yesno	Trailer Wings and Spray - Sideguard 	Is the sideguard free from defects?	Is the sideguard free from defects?	Sideguard insecure (offside)	0	0	0	0	1	0	\N	Not roadworthy go to service centre / ICL Workshop	1	1		
156	21	yesno	Trailer Wings and Spray - Sideguard 	Is the sideguard free from defects?	Is the sideguard free from defects?	Sideguard missing (offside)	0	0	1	0	1	0	\N	Not roadworthy go to service centre / ICL Workshop	1	1		
157	22	yesno	Trailer Ladders	Are ladders free from defects?	Are ladders free from defects?	Ladder damaged	0	0	1	0	1	0	\N	Not roadworthy go to service centre / ICL Workshop	1	1		
158	22	yesno	Trailer Ladders	Are ladders free from defects?	Are ladders free from defects?	Ladder insecure	0	0	0	0	1	0	\N	Not roadworthy go to service centre / ICL Workshop	1	1		
159	23	yesno	Trailer Handrails	Are handrails free from defects?	Are handrails free from defects?	Handrail damaged	0	0	1	0	1	0	\N	Not roadworthy go to service centre / ICL Workshop	1	1		
160	23	yesno	Trailer Handrails	Are handrails free from defects?	Are handrails free from defects?	Handrail insecure	0	0	0	0	1	0	\N	Not roadworthy go to service centre / ICL Workshop	1	1		
161	23	yesno	Trailer Handrails	Are handrails free from defects?	Are handrails free from defects?	Handrail missing	0	0	1	0	1	0	\N	Not roadworthy go to service centre / ICL Workshop	1	1		
162	24	yesno	Trailer Catwalks	Are catwalks free from defects?	Are catwalks free from defects?	Catwalk damaged	0	0	1	0	1	0	\N	Not roadworthy go to service centre / ICL Workshop	1	1		
163	24	yesno	Trailer Catwalks	Are catwalks free from defects?	Are catwalks free from defects?	Catwalk insecure	0	0	0	0	1	0	\N	Not roadworthy go to service centre / ICL Workshop	1	1		
164	25	yesno	Tanker/Body Shell	Is the tanker body free from defects?	Is the tanker body free from defects?	Body damage	1	0	1	0	1	0	\N	Go to service centre / ICL Workshop 	1	1		
165	26	yesno	Trailer Valves, Gauges and Man Lids - Leakages	Is there any product leaking?	Is there any product leaking?	Leaking from valve	0	0	0	0	1	0	\N	Not roadworthy vehicle must be VOR		1		
166	26	yesno	Trailer Valves, Gauges and Man Lids - Leakages	Is there any product leaking?	Is there any product leaking?	Leaking on tank	0	0	0	0	1	0	\N	Not roadworthy vehicle must be VOR		1		
167	27	yesno	Trailer Valves - Pressure Release Valve	Are they free from leaks?	Are they free from leaks?	Valve defective	0	0	0	0	1	0	\N	Go to service centre / ICL Workshop	1	1		
168	28	yesno	Trailer Valves - Pressure Gauge	Is the pressure gauge in good condition/functioning correctly?	Is the pressure gauge in good condition/functioning correctly?	Valve defective	0	0	0	0	1	0	\N	Go to service centre / ICL Workshop	1	1		
169	29	yesno	Trailer Valves - Non-Return Valves	Are the non-return valves in good condition/functioning correctly?	Are the non-return valves in good condition/functioning correctly?	Valve defective	0	0	0	0	1	0	\N	Go to service centre / ICL Workshop	1	1		
170	30	yesno	Trailer Valves - Control Valves	Are the control valves in good condition/functioning correctly?	Are the control valves in good condition/functioning correctly?	Valve defective	0	0	0	0	1	0	\N	Go to service centre / ICL Workshop	1	1		
171	31	yesno	Trailer Valves - Foot Valve	Is the foot valve in good condition/functioning correctly?	Is the foot valve in good condition/functioning correctly?	Valve defective	0	0	0	0	1	0	\N	Go to service centre / ICL Workshop	1	1		
172	32	yesno	Trailer Valves - Saunders/Butterfly Valve	Is the saunders/butterfly valve in good condition/functioning correctly?	Is the saunders/butterfly valve in good condition/functioning correctly?	Valve defective	0	0	0	0	1	0	\N	Go to service centre / ICL Workshop	1	1		
173	33	yesno	Equipment - Vapour Return Pipe	Is this free from defects?	Is this free from defects?	Items missing / defected	0	0	0	0	1	0	\N	Seek advice from workshop	1	1		
174	34	yesno	Trailer Manlids	Are manlids and lid lugs secure?	Are manlids and lid lugs secure?	Manlids / lid lugs insecure	0	0	0	0	1	0	\N	Go to service centre / ICL Workshop	1	1		
175	35	yesno	Trailer Inlet Pipe	Is the trailer inlet pipework secure?	Is the trailer inlet pipework secure?	Pipework insecure	0	0	0	0	1	0	\N	Go to service centre / ICL Workshop	1	1		
176	36	yesno	Trailer Outlet Pipe	Is the trailer outlet pipework secure?	Is the trailer outlet pipework secure?	Pipework insecure	0	0	0	0	1	0	\N	Go to service centre / ICL Workshop	1	1		
177	37	yesno	Trailer Hose Rack	Is the hose pipe rack free from defects?	Is the hose pipe rack free from defects?	Piperack damaged	0	0	1	0	1	0	\N	Go to service centre / ICL Workshop	1	1		
178	38	yesno	Trailer Hoses Straps	Are the hose rack straps free from defects?	Are the hose rack straps free from defects?	Straps damaged 	0	0	1	0	1	0	\N	Go to service centre / ICL Workshop	1	1		
179	39	yesno	Trailer Hoses	Are hoses free from defects?	Are hoses free from defects?	Hose damaged	0	0	1	0	1	0	\N	Go to service centre / ICL Workshop	1	1		
180	39	yesno	Trailer Hoses	Are hoses free from defects?	Are hoses free from defects?	Connector damaged	0	0	1	0	1	0	\N	Go to service centre / ICL Workshop	1	1		
181	40	multiinput	Trailer Hose Numbers	Please enter hose numbers	Please enter hose numbers	"[{""label"":""Hose 1""},{""label"":""Hose 2""},{""label"":""Hose 3""}]"	0	0	1	0	1	0	\N	\N	1	1		
182	41	dropdown	Trailer Hose Test Tag	Confirm colour of the test tags on hoses	Confirm colour of the test tags on hoses	"[{""label"":""Hose 1"",""options"":[""Red"",""Yellow"",""Blue"",""Non-ICL""]},{""label"":""Hose 2"",""options"":[""Red"",""Yellow"",""Blue"",""Non-ICL""]},{""label"":""Hose 3"",""options"":[""Red"",""Yellow"",""Blue"",""Non-ICL""]}]"	0	0	0	0	1	0	\N	\N	1	1		
183	42	yesno	Trailer Fire Extinguisher - Pin and Seal	Is the fire extinguisher pin and seal intact?	Is the fire extinguisher pin and seal intact?	Pin / seal missing / defective	0	0	1	0	1	0	\N	Not roadworthy seek replacement extinguisher	1	1		
184	43	yesno	Trailer Fire Extinguisher	Is the fire extinguisher free from defects?	Is the fire extinguisher free from defects?	Missing	0	0	0	0	1	0	\N	Not roadworthy seek replacement extinguisher	1	1		
185	43	yesno	Trailer Fire Extinguisher	Is the fire extinguisher free from defects?	Is the fire extinguisher free from defects?	Not secured	0	0	1	0	1	0	\N	Roadworthy once secured	1	1		
186	43	yesno	Trailer Fire Extinguisher	Is the fire extinguisher free from defects?	Is the fire extinguisher free from defects?	Out of service	0	0	1	0	1	0	\N	Not roadworthy seek replacement extinguisher	1	1		
187	43	yesno	Trailer Fire Extinguisher	Is the fire extinguisher free from defects?	Is the fire extinguisher free from defects?	Gauge in red	0	0	1	0	1	0	\N	Not roadworthy seek replacement extinguisher	1	1		
188	44	yesno	Trailer Plate Certificate	Is the trailer plate certificate present and free from defects?	Is the trailer plate certificate present and free from defects?	Plate missing	0	0	0	0	1	0	\N	Contact transport office	1	1		
189	44	yesno	Trailer Plate Certificate	Is the trailer plate certificate present and free from defects?	Is the trailer plate certificate present and free from defects?	Plate is not legible	0	0	1	0	1	0	\N	Contact transport office	1	1		
190	45	yesno	Trailer ADR Certificate	Is trailer ADR certificate present and visible?	Is trailer ADR certificate present and visible?	Certificate not present	1	0	0	0	1	0	\N	Contact transport office	1	1		
191	45	yesno	Trailer ADR Certificate	Is trailer ADR certificate present and visible?	Is trailer ADR certificate present and visible?	Certificate not legible	1	0	0	0	1	0	\N	Contact transport office	1	1		
192	46	yesno	Trailer Kemler Boards	Are the Kemler boards free from defects?	Are the Kemler boards free from defects?	Boards damaged	0	0	1	0	1	0	\N	Go to service centre / ICL Workshop	1	1		
193	46	yesno	Trailer Kemler Boards	Are the Kemler boards free from defects?	Are the Kemler boards free from defects?	Boards missing	0	0	1	0	1	0	\N	Go to service centre / ICL Workshop	1	1		
194	47	yesno	Trailer Haz Board	Is the haz board holder free from defects?	Is the haz board holder free from defects?	Haz board damages	0	0	1	0	1	0	\N	Go to service centre / ICL Workshop	1	1		
195	48	yesno	Trailer UN Numbers	Have you got the correct UN numbers for product being carried?	Have you got the correct UN numbers for product being carried?	Missing / incorrect numbers	0	0	0	0	1	0	\N	Go to service centre / ICL Workshop	1	1		
196	49	yesno	Additional Trailer Defects	Apart from any defects already reported is the trailer defect free?	Apart from any defects already reported is the trailer defect free?	Add new defect	0	1	1	0	1	0	\N	Call Line Manager/ICL Workshop for advice	1	1		
